match,chunk,frame,image_x,image_y,box_h,head_px,face_px
manutd_liverpool,h1_chunk_000,405,980.214111328125,500.249755859375,86.0,10.75,9.555555555555555
manutd_liverpool,h1_chunk_000,435,558.572509765625,495.94854736328125,84.0,10.5,9.333333333333332
manutd_liverpool,h1_chunk_000,700,425.25433349609375,450.246337890625,81.0,10.125,9.0
manutd_liverpool,h1_chunk_000,810,1085.02978515625,426.3230285644531,78.0,9.75,8.666666666666666
manutd_liverpool,h1_chunk_000,885,773.8179931640625,743.2334594726562,109.0,13.625,12.11111111111111
manutd_liverpool,h1_chunk_000,1045,1315.91455078125,1019.9776000976562,134.0,16.75,14.888888888888888
manutd_liverpool,h1_chunk_000,1130,698.4524536132812,933.4131469726562,127.0,15.875,14.11111111111111
manutd_liverpool,h1_chunk_000,1250,392.22802734375,543.7660522460938,89.0,11.125,9.888888888888888
manutd_liverpool,h1_chunk_000,1320,323.2872314453125,842.1616821289062,118.0,14.75,13.11111111111111
manutd_liverpool,h1_chunk_000,1455,580.6768798828125,470.47216796875,83.0,10.375,9.222222222222221
manutd_liverpool,h1_chunk_000,1800,395.0243225097656,399.4508972167969,76.0,9.5,8.444444444444445
manutd_liverpool,h1_chunk_000,1970,217.2542724609375,603.1312866210938,95.0,11.875,10.555555555555555
manutd_liverpool,h1_chunk_000,2065,717.6357421875,786.3426513671875,113.0,14.125,12.555555555555555
manutd_liverpool,h1_chunk_000,2170,678.5059814453125,872.7753295898438,120.0,15.0,13.333333333333332
manutd_liverpool,h1_chunk_000,2300,1520.122314453125,737.4905395507812,108.0,13.5,12.0
manutd_liverpool,h1_chunk_000,2345,1270.384765625,875.1385498046875,121.0,15.125,13.444444444444443
manutd_liverpool,h1_chunk_000,2530,425.5933837890625,509.8747863769531,86.0,10.75,9.555555555555555
manutd_liverpool,h1_chunk_000,2790,773.2088623046875,376.92919921875,73.0,9.125,8.11111111111111
manutd_liverpool,h1_chunk_000,3860,1902.9541015625,491.7398681640625,84.0,10.5,9.333333333333332
manutd_liverpool,h1_chunk_000,5125,1455.641357421875,535.2310180664062,89.0,11.125,9.888888888888888
manutd_liverpool,h1_chunk_000,5210,1418.34033203125,402.5629577636719,76.0,9.5,8.444444444444445
manutd_liverpool,h1_chunk_000,6030,729.4989013671875,458.32061767578125,82.0,10.25,9.11111111111111
manutd_liverpool,h1_chunk_000,6955,273.4368896484375,778.9593505859375,111.0,13.875,12.333333333333332
manutd_liverpool,h1_chunk_000,7840,1508.0850830078125,531.5797119140625,88.0,11.0,9.777777777777777
manutd_liverpool,h1_chunk_000,7915,1593.9993896484375,761.2882080078125,110.0,13.75,12.222222222222221
manutd_liverpool,h1_chunk_000,8480,236.76361083984375,762.8450927734375,110.0,13.75,12.222222222222221
manutd_liverpool,h1_chunk_000,9300,742.3567504882812,580.327880859375,93.0,11.625,10.333333333333332
manutd_liverpool,h1_chunk_000,12600,679.49169921875,492.4451904296875,85.0,10.625,9.444444444444445
manutd_liverpool,h1_chunk_000,12645,394.70501708984375,576.33837890625,93.0,11.625,10.333333333333332
manutd_liverpool,h1_chunk_000,12850,807.0441284179688,752.94775390625,109.0,13.625,12.11111111111111
manutd_liverpool,h1_chunk_000,12950,378.33331298828125,656.5555419921875,100.0,12.5,11.11111111111111
manutd_liverpool,h1_chunk_000,12960,833.1942138671875,590.4390869140625,94.0,11.75,10.444444444444445
manutd_liverpool,h1_chunk_000,13085,879.134521484375,762.6326293945312,110.0,13.75,12.222222222222221
manutd_liverpool,h1_chunk_000,13135,209.61009216308594,719.8727416992188,106.0,13.25,11.777777777777777
manutd_liverpool,h1_chunk_000,13295,291.251708984375,707.0010986328125,105.0,13.125,11.666666666666666
manutd_liverpool,h1_chunk_000,13445,275.8576965332031,566.1888427734375,92.0,11.5,10.222222222222221
manutd_liverpool,h1_chunk_000,13505,474.101806640625,453.5256652832031,81.0,10.125,9.0
manutd_liverpool,h1_chunk_000,13640,310.40972900390625,609.5847778320312,96.0,12.0,10.666666666666666
manutd_liverpool,h1_chunk_000,13770,529.1331787109375,594.87744140625,94.0,11.75,10.444444444444445
manutd_liverpool,h1_chunk_000,13900,1032.8486328125,664.2875366210938,101.0,12.625,11.222222222222221
manutd_liverpool,h1_chunk_000,14085,1311.7333984375,452.5670166015625,81.0,10.125,9.0
manutd_liverpool,h1_chunk_000,14150,1480.51318359375,629.6317138671875,97.0,12.125,10.777777777777777
manutd_liverpool,h1_chunk_000,14205,1669.805908203125,875.51708984375,121.0,15.125,13.444444444444443
manutd_liverpool,h1_chunk_000,14325,1223.436279296875,635.0822143554688,99.0,12.375,11.0
manutd_liverpool,h1_chunk_000,14420,1195.2611083984375,423.5528869628906,78.0,9.75,8.666666666666666
manutd_liverpool,h1_chunk_000,14530,1395.619140625,347.21697998046875,71.0,8.875,7.888888888888888
manutd_liverpool,h1_chunk_001,3110,525.4138793945312,586.632080078125,93.0,11.625,10.333333333333332
manutd_liverpool,h1_chunk_001,3185,316.8951110839844,849.4356689453125,119.0,14.875,13.222222222222221
manutd_liverpool,h1_chunk_001,3225,247.13534545898438,564.7667846679688,91.0,11.375,10.11111111111111
manutd_liverpool,h1_chunk_001,3320,368.701171875,422.9579772949219,78.0,9.75,8.666666666666666
manutd_liverpool,h1_chunk_001,4755,1203.31640625,351.4923095703125,71.0,8.875,7.888888888888888
manutd_liverpool,h1_chunk_001,5320,1201.8017578125,429.34967041015625,79.0,9.875,8.777777777777777
manutd_liverpool,h1_chunk_001,5365,872.507568359375,364.1106872558594,73.0,9.125,8.11111111111111
manutd_liverpool,h1_chunk_001,5875,519.9840087890625,375.78802490234375,73.0,9.125,8.11111111111111
manutd_liverpool,h1_chunk_001,5955,866.339599609375,388.3777160644531,75.0,9.375,8.333333333333332
manutd_liverpool,h1_chunk_001,6685,353.5149230957031,388.7996520996094,74.0,9.25,8.222222222222221
manutd_liverpool,h1_chunk_001,6800,792.7489013671875,456.1203308105469,82.0,10.25,9.11111111111111
manutd_liverpool,h1_chunk_001,8035,1449.98974609375,402.3179626464844,76.0,9.5,8.444444444444445
manutd_liverpool,h1_chunk_001,8440,1561.0067138671875,948.4803466796875,128.0,16.0,14.222222222222221
manutd_liverpool,h1_chunk_001,8555,981.588134765625,556.981689453125,90.0,11.25,10.0
manutd_liverpool,h1_chunk_001,8880,756.1973876953125,524.2392578125,88.0,11.0,9.777777777777777
manutd_liverpool,h1_chunk_001,8955,323.09600830078125,713.7994995117188,105.0,13.125,11.666666666666666
manutd_liverpool,h1_chunk_001,9030,702.4434204101562,879.1729125976562,122.0,15.25,13.555555555555555
manutd_liverpool,h1_chunk_001,9135,956.281494140625,715.564208984375,106.0,13.25,11.777777777777777
manutd_liverpool,h1_chunk_001,9430,1200.445068359375,620.1860961914062,97.0,12.125,10.777777777777777
manutd_liverpool,h1_chunk_001,10200,397.1605224609375,646.3782958984375,99.0,12.375,11.0
manutd_liverpool,h1_chunk_001,10320,304.7840576171875,426.7478332519531,78.0,9.75,8.666666666666666
manutd_liverpool,h1_chunk_001,11035,1483.902587890625,516.6546020507812,87.0,10.875,9.666666666666666
manutd_liverpool,h1_chunk_001,11130,1329.76611328125,398.6305847167969,76.0,9.5,8.444444444444445
manutd_liverpool,h1_chunk_001,11225,1538.281494140625,523.9820556640625,87.0,10.875,9.666666666666666
manutd_liverpool,h1_chunk_001,11255,1114.792724609375,671.65771484375,101.0,12.625,11.222222222222221
manutd_liverpool,h1_chunk_001,11340,1669.962158203125,760.9296875,110.0,13.75,12.222222222222221
manutd_liverpool,h1_chunk_001,11410,1489.873291015625,504.3172607421875,86.0,10.75,9.555555555555555
manutd_liverpool,h1_chunk_001,11630,1461.65771484375,414.36981201171875,77.0,9.625,8.555555555555555
manutd_liverpool,h1_chunk_001,11725,1594.426025390625,652.0048217773438,100.0,12.5,11.11111111111111
manutd_liverpool,h1_chunk_001,11760,1673.152587890625,851.6351318359375,119.0,14.875,13.222222222222221
manutd_liverpool,h1_chunk_001,12195,1706.5089111328125,871.6936645507812,120.0,15.0,13.333333333333332
manutd_liverpool,h1_chunk_001,12825,524.4429931640625,497.1399230957031,85.0,10.625,9.444444444444445
manutd_liverpool,h1_chunk_001,13165,502.45458984375,438.7646179199219,79.0,9.875,8.777777777777777
manutd_liverpool,h1_chunk_001,13375,514.1825561523438,636.613525390625,98.0,12.25,10.888888888888888
manutd_liverpool,h1_chunk_001,13710,348.88226318359375,517.1127319335938,87.0,10.875,9.666666666666666
manutd_liverpool,h1_chunk_001,13945,444.2648620605469,444.9605407714844,80.0,10.0,8.88888888888889
manutd_liverpool,h1_chunk_001,14040,253.06988525390625,655.98388671875,100.0,12.5,11.11111111111111
manutd_liverpool,h1_chunk_001,14390,1296.5294189453125,451.31805419921875,81.0,10.125,9.0
manutd_liverpool,h1_chunk_002,2360,604.3228759765625,387.3813171386719,75.0,9.375,8.333333333333332
manutd_liverpool,h1_chunk_002,3180,984.162353515625,555.7564086914062,90.0,11.25,10.0
manutd_liverpool,h1_chunk_002,3550,418.5265197753906,364.6440124511719,72.0,9.0,8.0
manutd_liverpool,h1_chunk_002,3600,425.8681640625,424.8117370605469,78.0,9.75,8.666666666666666
manutd_liverpool,h1_chunk_002,4640,1577.8714599609375,865.9301147460938,120.0,15.0,13.333333333333332
manutd_liverpool,h1_chunk_002,4810,1377.405029296875,416.04522705078125,78.0,9.75,8.666666666666666
manutd_liverpool,h1_chunk_002,4935,1643.55419921875,859.0675659179688,120.0,15.0,13.333333333333332
manutd_liverpool,h1_chunk_002,5015,977.4605712890625,553.2175903320312,91.0,11.375,10.11111111111111
manutd_liverpool,h1_chunk_002,5320,1174.716796875,481.62811279296875,83.0,10.375,9.222222222222221
manutd_liverpool,h1_chunk_002,6645,1102.45849609375,890.048828125,123.0,15.375,13.666666666666666
manutd_liverpool,h1_chunk_002,6760,1667.2884521484375,523.1083374023438,88.0,11.0,9.777777777777777
manutd_liverpool,h1_chunk_002,6880,1348.32568359375,895.1533813476562,123.0,15.375,13.666666666666666
manutd_liverpool,h1_chunk_002,7325,1356.46533203125,615.20361328125,97.0,12.125,10.777777777777777
manutd_liverpool,h1_chunk_002,7625,1355.47900390625,929.9346313476562,126.0,15.75,14.0
manutd_liverpool,h1_chunk_002,7700,1146.325439453125,743.9483032226562,108.0,13.5,12.0
manutd_liverpool,h1_chunk_002,7775,1366.441650390625,747.722412109375,109.0,13.625,12.11111111111111
manutd_liverpool,h1_chunk_002,7995,1579.43701171875,650.8526000976562,99.0,12.375,11.0
manutd_liverpool,h1_chunk_002,8055,1153.695068359375,652.6041870117188,100.0,12.5,11.11111111111111
manutd_liverpool,h1_chunk_002,8150,1452.234130859375,558.2164306640625,91.0,11.375,10.11111111111111
manutd_liverpool,h1_chunk_002,9305,1179.502685546875,630.2026977539062,98.0,12.25,10.888888888888888
manutd_liverpool,h1_chunk_002,9370,832.8955078125,603.5983276367188,95.0,11.875,10.555555555555555
manutd_liverpool,h1_chunk_002,9560,1521.10595703125,728.2268676757812,107.0,13.375,11.888888888888888
manutd_liverpool,h1_chunk_002,9620,1720.22900390625,485.7595520019531,84.0,10.5,9.333333333333332
manutd_liverpool,h1_chunk_002,9765,1481.6378173828125,415.0730895996094,78.0,9.75,8.666666666666666
manutd_liverpool,h1_chunk_002,9935,1503.30615234375,395.8982238769531,75.0,9.375,8.333333333333332
manutd_liverpool,h1_chunk_002,10090,1613.2935791015625,583.1947021484375,94.0,11.75,10.444444444444445
manutd_liverpool,h1_chunk_002,10135,1608.2197265625,456.51312255859375,81.0,10.125,9.0
manutd_liverpool,h1_chunk_002,10405,1639.970947265625,481.2383117675781,84.0,10.5,9.333333333333332
manutd_liverpool,h1_chunk_002,10495,1632.876953125,593.4772338867188,94.0,11.75,10.444444444444445
manutd_liverpool,h1_chunk_002,10650,817.6651611328125,552.9766845703125,90.0,11.25,10.0
manutd_liverpool,h1_chunk_002,10850,728.2164306640625,419.7979431152344,77.0,9.625,8.555555555555555
manutd_liverpool,h1_chunk_002,10955,799.26806640625,539.7438354492188,89.0,11.125,9.888888888888888
manutd_liverpool,h1_chunk_002,11745,292.2884521484375,465.0205993652344,82.0,10.25,9.11111111111111
manutd_liverpool,h1_chunk_002,12285,1210.7998046875,549.2027587890625,90.0,11.25,10.0
manutd_liverpool,h1_chunk_002,12495,1345.5179443359375,445.32098388671875,80.0,10.0,8.88888888888889
manutd_liverpool,h1_chunk_002,12550,1418.975830078125,434.7920227050781,79.0,9.875,8.777777777777777
manutd_liverpool,h1_chunk_002,12910,797.8888549804688,492.3780212402344,85.0,10.625,9.444444444444445
manutd_liverpool,h1_chunk_002,12955,844.4801025390625,581.09423828125,93.0,11.625,10.333333333333332
manutd_liverpool,h1_chunk_002,13120,475.6776123046875,436.3348083496094,79.0,9.875,8.777777777777777
manutd_liverpool,h1_chunk_002,13415,770.3865966796875,624.4612426757812,97.0,12.125,10.777777777777777
manutd_liverpool,h1_chunk_002,14235,1543.751220703125,575.2928466796875,93.0,11.625,10.333333333333332
manutd_liverpool,h1_chunk_002,14495,1602.135986328125,789.9382934570312,112.0,14.0,12.444444444444443
manutd_liverpool,h1_chunk_002,14625,1350.1922607421875,624.4951171875,97.0,12.125,10.777777777777777
manutd_liverpool,h1_chunk_002,14735,1589.1328125,511.8271179199219,86.0,10.75,9.555555555555555
manutd_liverpool,h1_chunk_002,14805,1580.095703125,604.9566650390625,95.0,11.875,10.555555555555555
manutd_liverpool,h1_chunk_002,14850,1062.06982421875,660.9376831054688,100.0,12.5,11.11111111111111
manutd_liverpool,h1_chunk_003,100,548.3308715820312,723.4129638671875,107.0,13.375,11.888888888888888
manutd_liverpool,h1_chunk_003,165,806.176025390625,777.987060546875,111.0,13.875,12.333333333333332
manutd_liverpool,h1_chunk_003,195,638.9034423828125,837.775390625,117.0,14.625,13.0
manutd_liverpool,h1_chunk_003,680,1512.4561767578125,418.45062255859375,78.0,9.75,8.666666666666666
manutd_liverpool,h1_chunk_003,2515,705.8248901367188,422.0974426269531,78.0,9.75,8.666666666666666
manutd_liverpool,h1_chunk_003,2825,747.8052978515625,502.2077941894531,86.0,10.75,9.555555555555555
manutd_liverpool,h1_chunk_003,3195,1629.2747802734375,649.360595703125,100.0,12.5,11.11111111111111
manutd_liverpool,h1_chunk_003,3330,1559.08837890625,501.9836730957031,85.0,10.625,9.444444444444445
manutd_liverpool,h1_chunk_003,3395,1729.4150390625,756.97314453125,109.0,13.625,12.11111111111111
manutd_liverpool,h1_chunk_003,4815,604.468994140625,532.2122802734375,89.0,11.125,9.888888888888888
manutd_liverpool,h1_chunk_003,5015,405.3949279785156,493.7432861328125,84.0,10.5,9.333333333333332
manutd_liverpool,h1_chunk_003,6585,1187.8394775390625,462.7561950683594,82.0,10.25,9.11111111111111
manutd_liverpool,h1_chunk_003,6615,1177.61083984375,422.50262451171875,78.0,9.75,8.666666666666666
manutd_liverpool,h1_chunk_003,9285,495.3106689453125,536.8338012695312,88.0,11.0,9.777777777777777
manutd_liverpool,h1_chunk_003,10000,842.4076538085938,714.81298828125,105.0,13.125,11.666666666666666
manutd_liverpool,h1_chunk_003,10435,364.34783935546875,560.285888671875,91.0,11.375,10.11111111111111
manutd_liverpool,h1_chunk_003,10745,452.40765380859375,441.0704650878906,80.0,10.0,8.88888888888889
manutd_liverpool,h1_chunk_003,10860,296.78277587890625,612.5306396484375,96.0,12.0,10.666666666666666
manutd_liverpool,h1_chunk_003,11055,312.26373291015625,527.0022583007812,88.0,11.0,9.777777777777777
manutd_liverpool,h1_chunk_003,11380,248.05999755859375,539.427490234375,89.0,11.125,9.888888888888888
manutd_liverpool,h1_chunk_003,11595,311.7945251464844,565.5831909179688,91.0,11.375,10.11111111111111
manutd_liverpool,h1_chunk_003,11670,348.68914794921875,647.6387329101562,99.0,12.375,11.0
manutd_liverpool,h1_chunk_003,11890,781.3093872070312,726.1248168945312,107.0,13.375,11.888888888888888
manutd_liverpool,h1_chunk_003,13615,440.00347900390625,467.4795227050781,82.0,10.25,9.11111111111111
manutd_liverpool,h1_chunk_003,13905,1311.638916015625,487.7668762207031,84.0,10.5,9.333333333333332
manutd_liverpool,h1_chunk_003,14455,700.5550537109375,496.5952453613281,85.0,10.625,9.444444444444445
manutd_liverpool,h1_chunk_003,14865,1095.21630859375,761.7381591796875,110.0,13.75,12.222222222222221
manutd_liverpool,h1_chunk_004,2095,1472.039306640625,588.581787109375,94.0,11.75,10.444444444444445
manutd_liverpool,h1_chunk_004,2280,1045.3922119140625,604.9602661132812,95.0,11.875,10.555555555555555
manutd_liverpool,h1_chunk_004,2440,1021.6771240234375,932.4526977539062,126.0,15.75,14.0
manutd_liverpool,h1_chunk_004,2575,1435.71044921875,717.9923706054688,106.0,13.25,11.777777777777777
manutd_liverpool,h1_chunk_004,2675,506.274169921875,648.6631469726562,99.0,12.375,11.0
manutd_liverpool,h1_chunk_004,2785,964.2775268554688,705.0732421875,105.0,13.125,11.666666666666666
manutd_liverpool,h1_chunk_004,5620,330.3101806640625,519.7142333984375,87.0,10.875,9.666666666666666
manutd_liverpool,h1_chunk_004,5690,407.5302734375,446.48870849609375,80.0,10.0,8.88888888888889
manutd_liverpool,h1_chunk_004,5835,283.92681884765625,645.255859375,99.0,12.375,11.0
manutd_liverpool,h1_chunk_004,7175,704.392822265625,412.65826416015625,77.0,9.625,8.555555555555555
manutd_liverpool,h1_chunk_004,7880,1339.050537109375,437.7021484375,79.0,9.875,8.777777777777777
manutd_liverpool,h1_chunk_004,8095,1531.587890625,488.365966796875,84.0,10.5,9.333333333333332
manutd_liverpool,h1_chunk_004,8450,1202.528076171875,716.6340942382812,106.0,13.25,11.777777777777777
manutd_liverpool,h1_chunk_004,8930,781.7708740234375,657.0741577148438,101.0,12.625,11.222222222222221
manutd_liverpool,h1_chunk_004,9845,1580.491455078125,508.5848388671875,86.0,10.75,9.555555555555555
manutd_liverpool,h1_chunk_004,9920,1309.82470703125,402.07366943359375,76.0,9.5,8.444444444444445
manutd_liverpool,h1_chunk_004,10800,1623.937744140625,622.35546875,97.0,12.125,10.777777777777777
manutd_liverpool,h1_chunk_004,10885,1474.247314453125,431.2489929199219,79.0,9.875,8.777777777777777
manutd_liverpool,h1_chunk_004,11020,1457.907958984375,402.56024169921875,76.0,9.5,8.444444444444445
manutd_liverpool,h1_chunk_004,11080,1495.247802734375,526.1522827148438,88.0,11.0,9.777777777777777
manutd_liverpool,h1_chunk_004,11995,686.5208740234375,410.5306091308594,77.0,9.625,8.555555555555555
manutd_liverpool,h1_chunk_004,13020,1075.5267333984375,595.3626098632812,94.0,11.75,10.444444444444445
manutd_liverpool,h1_chunk_004,13060,693.884033203125,957.4900512695312,129.0,16.125,14.333333333333332
manutd_liverpool,h2_chunk_000,35,1249.418701171875,454.1056823730469,81.0,10.125,9.0
manutd_liverpool,h2_chunk_000,190,1033.0970458984375,339.9403381347656,70.0,8.75,7.777777777777778
manutd_liverpool,h2_chunk_000,670,1525.504638671875,600.3672485351562,95.0,11.875,10.555555555555555
manutd_liverpool,h2_chunk_000,1685,1172.348388671875,605.412841796875,95.0,11.875,10.555555555555555
manutd_liverpool,h2_chunk_000,1735,1083.041015625,506.07464599609375,86.0,10.75,9.555555555555555
manutd_liverpool,h2_chunk_000,1835,811.756103515625,549.849609375,90.0,11.25,10.0
manutd_liverpool,h2_chunk_000,2850,961.1531982421875,529.2470703125,88.0,11.0,9.777777777777777
manutd_liverpool,h2_chunk_000,10185,386.2188720703125,500.4929504394531,85.0,10.625,9.444444444444445
manutd_liverpool,h2_chunk_000,10450,537.8128662109375,548.7720947265625,90.0,11.25,10.0
manutd_liverpool,h2_chunk_000,10660,974.5164794921875,608.4447631835938,96.0,12.0,10.666666666666666
manutd_liverpool,h2_chunk_000,10750,504.0308837890625,619.2410278320312,97.0,12.125,10.777777777777777
manutd_liverpool,h2_chunk_000,10955,1187.85009765625,766.0527954101562,111.0,13.875,12.333333333333332
manutd_liverpool,h2_chunk_000,11110,1462.5567626953125,433.2646789550781,79.0,9.875,8.777777777777777
manutd_liverpool,h2_chunk_000,11170,1543.709228515625,577.2223510742188,93.0,11.625,10.333333333333332
manutd_liverpool,h2_chunk_000,11360,1423.67529296875,454.8385009765625,81.0,10.125,9.0
manutd_liverpool,h2_chunk_000,11635,1524.61181640625,520.0215454101562,88.0,11.0,9.777777777777777
manutd_liverpool,h2_chunk_000,11700,1441.36962890625,396.9102783203125,75.0,9.375,8.333333333333332
manutd_liverpool,h2_chunk_000,11950,1466.951416015625,436.24798583984375,79.0,9.875,8.777777777777777
manutd_liverpool,h2_chunk_000,12195,1246.2119140625,473.03204345703125,83.0,10.375,9.222222222222221
manutd_liverpool,h2_chunk_000,13040,1202.4873046875,321.0770568847656,69.0,8.625,7.666666666666666
manutd_liverpool,h2_chunk_000,13640,810.1859130859375,517.2713012695312,87.0,10.875,9.666666666666666
manutd_liverpool,h2_chunk_000,13900,1661.94775390625,568.787353515625,92.0,11.5,10.222222222222221
manutd_liverpool,h2_chunk_000,14025,1467.7308349609375,505.4228820800781,86.0,10.75,9.555555555555555
manutd_liverpool,h2_chunk_000,14545,1570.2451171875,544.8787231445312,89.0,11.125,9.888888888888888
manutd_liverpool,h2_chunk_000,14855,593.189208984375,698.0210571289062,105.0,13.125,11.666666666666666
manutd_liverpool,h2_chunk_000,14915,1272.351318359375,886.5375366210938,122.0,15.25,13.555555555555555
manutd_liverpool,h2_chunk_001,205,1085.4326171875,694.5977172851562,104.0,13.0,11.555555555555555
manutd_liverpool,h2_chunk_001,320,349.3194580078125,888.3195190429688,122.0,15.25,13.555555555555555
manutd_liverpool,h2_chunk_001,390,335.8911437988281,561.6393432617188,91.0,11.375,10.11111111111111
manutd_liverpool,h2_chunk_001,1250,753.20556640625,439.5422058105469,80.0,10.0,8.88888888888889
manutd_liverpool,h2_chunk_001,1550,749.98974609375,414.7303771972656,77.0,9.625,8.555555555555555
manutd_liverpool,h2_chunk_001,3130,1424.734375,464.2734680175781,82.0,10.25,9.11111111111111
manutd_liverpool,h2_chunk_001,3275,1212.323486328125,430.6328430175781,79.0,9.875,8.777777777777777
manutd_liverpool,h2_chunk_001,3370,731.8549194335938,510.5162048339844,86.0,10.75,9.555555555555555
manutd_liverpool,h2_chunk_001,5665,1176.9754638671875,568.2941284179688,92.0,11.5,10.222222222222221
manutd_liverpool,h2_chunk_001,5880,971.1593017578125,596.048095703125,95.0,11.875,10.555555555555555
manutd_liverpool,h2_chunk_001,6370,1358.414794921875,778.0498657226562,112.0,14.0,12.444444444444443
manutd_liverpool,h2_chunk_001,6410,1269.625,788.5971069335938,113.0,14.125,12.555555555555555
manutd_liverpool,h2_chunk_001,6445,1244.281005859375,734.929443359375,107.0,13.375,11.888888888888888
manutd_liverpool,h2_chunk_001,8365,1036.65625,658.9822387695312,100.0,12.5,11.11111111111111
manutd_liverpool,h2_chunk_001,8420,485.6125793457031,921.7284545898438,125.0,15.625,13.888888888888888
manutd_liverpool,h2_chunk_001,9280,1487.44140625,834.1935424804688,117.0,14.625,13.0
manutd_liverpool,h2_chunk_001,9355,443.75,923.718994140625,125.0,15.625,13.888888888888888
manutd_liverpool,h2_chunk_001,9415,553.7907104492188,656.3139038085938,100.0,12.5,11.11111111111111
manutd_liverpool,h2_chunk_001,9450,574.84033203125,746.1835327148438,109.0,13.625,12.11111111111111
manutd_liverpool,h2_chunk_001,9555,257.32354736328125,549.4345092773438,90.0,11.25,10.0
manutd_liverpool,h2_chunk_001,9610,319.90777587890625,458.3581848144531,81.0,10.125,9.0
manutd_liverpool,h2_chunk_001,9870,742.761962890625,747.7257080078125,109.0,13.625,12.11111111111111
manutd_liverpool,h2_chunk_001,10100,1492.181396484375,544.089111328125,90.0,11.25,10.0
manutd_liverpool,h2_chunk_001,11110,269.8836364746094,502.0908203125,86.0,10.75,9.555555555555555
manutd_liverpool,h2_chunk_001,11215,430.67340087890625,610.3530883789062,96.0,12.0,10.666666666666666
manutd_liverpool,h2_chunk_001,12100,1174.21435546875,479.1420593261719,84.0,10.5,9.333333333333332
manutd_liverpool,h2_chunk_001,12550,870.5584716796875,373.5701904296875,73.0,9.125,8.11111111111111
manutd_liverpool,h2_chunk_001,12655,430.60162353515625,435.0584716796875,80.0,10.0,8.88888888888889
manutd_liverpool,h2_chunk_001,12700,860.3157958984375,458.046875,82.0,10.25,9.11111111111111
manutd_liverpool,h2_chunk_001,12750,1027.52978515625,449.0794372558594,81.0,10.125,9.0
manutd_liverpool,h2_chunk_001,13010,1379.2569580078125,397.3695983886719,76.0,9.5,8.444444444444445
manutd_liverpool,h2_chunk_001,13135,1453.655029296875,553.8148193359375,90.0,11.25,10.0
manutd_liverpool,h2_chunk_001,13580,1194.398681640625,415.7231750488281,77.0,9.625,8.555555555555555
manutd_liverpool,h2_chunk_001,14290,1137.93994140625,378.2547912597656,74.0,9.25,8.222222222222221
manutd_liverpool,h2_chunk_001,14485,583.154296875,663.3729858398438,101.0,12.625,11.222222222222221
manutd_liverpool,h2_chunk_001,14580,1070.1397705078125,436.5586853027344,79.0,9.875,8.777777777777777
manutd_liverpool,h2_chunk_001,14850,1378.81884765625,418.4212951660156,78.0,9.75,8.666666666666666
manutd_liverpool,h2_chunk_002,635,1305.2962646484375,458.3077392578125,82.0,10.25,9.11111111111111
manutd_liverpool,h2_chunk_002,3770,295.2242431640625,608.3429565429688,96.0,12.0,10.666666666666666
manutd_liverpool,h2_chunk_002,3805,790.718017578125,646.7178344726562,99.0,12.375,11.0
manutd_liverpool,h2_chunk_002,3980,1655.2152099609375,722.792236328125,106.0,13.25,11.777777777777777
manutd_liverpool,h2_chunk_002,4225,636.660400390625,523.109130859375,88.0,11.0,9.777777777777777
manutd_liverpool,h2_chunk_002,5795,853.3748779296875,947.88037109375,127.0,15.875,14.11111111111111
manutd_liverpool,h2_chunk_002,6460,1251.7576904296875,741.601318359375,108.0,13.5,12.0
manutd_liverpool,h2_chunk_002,6495,1069.229248046875,575.6365966796875,92.0,11.5,10.222222222222221
manutd_liverpool,h2_chunk_002,10005,871.9564819335938,605.5501708984375,95.0,11.875,10.555555555555555
manutd_liverpool,h2_chunk_002,10080,1477.605712890625,500.4192199707031,85.0,10.625,9.444444444444445
manutd_liverpool,h2_chunk_002,10595,440.79583740234375,568.7349853515625,92.0,11.5,10.222222222222221
manutd_liverpool,h2_chunk_002,11255,1446.276611328125,565.5968627929688,91.0,11.375,10.11111111111111
manutd_liverpool,h2_chunk_002,11370,1069.432861328125,622.6038818359375,97.0,12.125,10.777777777777777
manutd_liverpool,h2_chunk_002,11790,1201.5848388671875,375.9967041015625,73.0,9.125,8.11111111111111
manutd_liverpool,h2_chunk_002,11940,1466.5802001953125,548.2890014648438,90.0,11.25,10.0
manutd_liverpool,h2_chunk_002,12045,1515.06640625,753.3034057617188,110.0,13.75,12.222222222222221
manutd_liverpool,h2_chunk_002,12180,946.4848022460938,738.5433959960938,108.0,13.5,12.0
manutd_liverpool,h2_chunk_002,12265,1617.333984375,509.5571594238281,86.0,10.75,9.555555555555555
manutd_liverpool,h2_chunk_002,12360,1386.3331298828125,441.1860656738281,80.0,10.0,8.88888888888889
manutd_liverpool,h2_chunk_002,13290,1427.460205078125,472.0942687988281,83.0,10.375,9.222222222222221
manutd_liverpool,h2_chunk_002,14840,295.94561767578125,510.9463195800781,86.0,10.75,9.555555555555555
manutd_liverpool,h2_chunk_003,965,1253.75927734375,728.1166381835938,107.0,13.375,11.888888888888888
manutd_liverpool,h2_chunk_003,1000,1506.466064453125,828.3565673828125,117.0,14.625,13.0
manutd_liverpool,h2_chunk_003,1060,1336.8505859375,851.0574340820312,119.0,14.875,13.222222222222221
manutd_liverpool,h2_chunk_003,1180,1050.6778564453125,559.535888671875,91.0,11.375,10.11111111111111
manutd_liverpool,h2_chunk_003,1580,669.3431396484375,428.3212890625,79.0,9.875,8.777777777777777
manutd_liverpool,h2_chunk_003,3870,887.7801513671875,437.9212951660156,79.0,9.875,8.777777777777777
manutd_liverpool,h2_chunk_003,3925,1006.349853515625,488.0116271972656,85.0,10.625,9.444444444444445
manutd_liverpool,h2_chunk_003,3950,1035.29345703125,466.6366882324219,82.0,10.25,9.11111111111111
manutd_liverpool,h2_chunk_003,4255,611.1708984375,695.8369750976562,104.0,13.0,11.555555555555555
manutd_liverpool,h2_chunk_003,4365,1502.294677734375,990.7843627929688,132.0,16.5,14.666666666666666
manutd_liverpool,h2_chunk_003,4450,489.1826171875,846.4671630859375,118.0,14.75,13.11111111111111
manutd_liverpool,h2_chunk_003,4505,259.44366455078125,717.2815551757812,106.0,13.25,11.777777777777777
manutd_liverpool,h2_chunk_003,4640,682.3365478515625,530.13623046875,89.0,11.125,9.888888888888888
manutd_liverpool,h2_chunk_003,4715,597.1029052734375,433.4053039550781,79.0,9.875,8.777777777777777
manutd_liverpool,h2_chunk_003,5460,983.369384765625,525.3060302734375,88.0,11.0,9.777777777777777
manutd_liverpool,h2_chunk_003,5775,1436.3367919921875,797.1783447265625,114.0,14.25,12.666666666666666
manutd_liverpool,h2_chunk_003,5870,429.70452880859375,960.3922729492188,129.0,16.125,14.333333333333332
manutd_liverpool,h2_chunk_003,5975,1078.1539306640625,884.3547973632812,122.0,15.25,13.555555555555555
manutd_liverpool,h2_chunk_003,6105,1321.2894287109375,753.864990234375,109.0,13.625,12.11111111111111
manutd_liverpool,h2_chunk_003,6150,790.646728515625,720.2208251953125,107.0,13.375,11.888888888888888
manutd_liverpool,h2_chunk_003,6235,399.6484375,783.1419677734375,113.0,14.125,12.555555555555555
manutd_liverpool,h2_chunk_003,7375,1627.4356689453125,811.9400634765625,114.0,14.25,12.666666666666666
manutd_liverpool,h2_chunk_003,7425,771.9845581054688,829.3580932617188,117.0,14.625,13.0
manutd_liverpool,h2_chunk_003,7475,1311.09765625,610.9093017578125,95.0,11.875,10.555555555555555
manutd_liverpool,h2_chunk_003,7550,1006.0863647460938,518.6270751953125,87.0,10.875,9.666666666666666
manutd_liverpool,h2_chunk_003,7900,1464.407470703125,473.4997863769531,83.0,10.375,9.222222222222221
manutd_liverpool,h2_chunk_003,7970,1371.7386474609375,484.71893310546875,84.0,10.5,9.333333333333332
manutd_liverpool,h2_chunk_003,8115,1472.0689697265625,617.98291015625,96.0,12.0,10.666666666666666
manutd_liverpool,h2_chunk_003,8230,1399.77685546875,460.4506530761719,82.0,10.25,9.11111111111111
manutd_liverpool,h2_chunk_003,8405,1167.1259765625,426.08526611328125,79.0,9.875,8.777777777777777
manutd_liverpool,h2_chunk_003,8605,1529.764404296875,682.67041015625,102.0,12.75,11.333333333333332
manutd_liverpool,h2_chunk_003,8645,1466.7008056640625,530.4050903320312,88.0,11.0,9.777777777777777
manutd_liverpool,h2_chunk_003,9950,1520.805419921875,414.7626953125,77.0,9.625,8.555555555555555
manutd_liverpool,h2_chunk_003,10010,1560.322265625,514.4668579101562,87.0,10.875,9.666666666666666
manutd_liverpool,h2_chunk_003,10045,1632.62841796875,611.5293579101562,96.0,12.0,10.666666666666666
manutd_liverpool,h2_chunk_003,10360,1457.3748779296875,409.9415283203125,76.0,9.5,8.444444444444445
manutd_liverpool,h2_chunk_003,10415,1420.5064697265625,399.20660400390625,76.0,9.5,8.444444444444445
manutd_liverpool,h2_chunk_003,10470,1349.411865234375,422.2965393066406,78.0,9.75,8.666666666666666
manutd_liverpool,h2_chunk_003,10510,1491.267578125,510.9720764160156,86.0,10.75,9.555555555555555
manutd_liverpool,h2_chunk_003,11020,980.7015380859375,382.9881591796875,74.0,9.25,8.222222222222221
manutd_liverpool,h2_chunk_003,12415,1423.981689453125,446.7888488769531,80.0,10.0,8.88888888888889
manutd_liverpool,h2_chunk_003,12570,1474.2823486328125,685.009765625,103.0,12.875,11.444444444444445
manutd_liverpool,h2_chunk_003,13260,266.0869140625,612.1907348632812,96.0,12.0,10.666666666666666
manutd_liverpool,h2_chunk_003,13495,619.6966552734375,465.1875305175781,82.0,10.25,9.11111111111111
manutd_liverpool,h2_chunk_003,13700,1214.1397705078125,546.5494995117188,90.0,11.25,10.0
manutd_liverpool,h2_chunk_004,315,1144.184326171875,547.23046875,90.0,11.25,10.0
manutd_liverpool,h2_chunk_004,565,1066.7764892578125,555.76953125,90.0,11.25,10.0
manutd_liverpool,h2_chunk_004,830,780.4462280273438,400.5208435058594,76.0,9.5,8.444444444444445
manutd_liverpool,h2_chunk_004,1605,1561.510009765625,576.51171875,93.0,11.625,10.333333333333332
manutd_liverpool,h2_chunk_004,1730,1483.31396484375,428.54437255859375,78.0,9.75,8.666666666666666
manutd_liverpool,h2_chunk_004,1790,1331.559326171875,396.76605224609375,75.0,9.375,8.333333333333332
manutd_liverpool,h2_chunk_004,2305,1520.349609375,454.103271484375,81.0,10.125,9.0
manutd_liverpool,h2_chunk_004,2965,1649.8128662109375,625.796142578125,97.0,12.125,10.777777777777777
manutd_liverpool,h2_chunk_004,4160,722.0218505859375,548.1322021484375,90.0,11.25,10.0
manutd_liverpool,h2_chunk_004,4915,1114.455078125,409.20361328125,77.0,9.625,8.555555555555555
manutd_liverpool,h2_chunk_004,5135,860.3905029296875,442.04248046875,80.0,10.0,8.88888888888889
manutd_liverpool,h2_chunk_004,6125,1442.605712890625,799.3699340820312,114.0,14.25,12.666666666666666
manutd_liverpool,h2_chunk_004,6205,1419.145263671875,988.2222900390625,132.0,16.5,14.666666666666666
manutd_liverpool,h2_chunk_004,6355,1522.5771484375,668.8633422851562,101.0,12.625,11.222222222222221
manutd_liverpool,h2_chunk_004,6440,1535.77880859375,479.1091003417969,84.0,10.5,9.333333333333332
manutd_liverpool,h2_chunk_004,6580,846.3106689453125,497.261962890625,85.0,10.625,9.444444444444445
manutd_liverpool,h2_chunk_004,6730,992.316162109375,822.866943359375,116.0,14.5,12.888888888888888
manutd_liverpool,h2_chunk_004,7835,1130.333251953125,407.6914978027344,76.0,9.5,8.444444444444445
manutd_liverpool,h2_chunk_004,7890,1256.05029296875,447.53240966796875,80.0,10.0,8.88888888888889
manutd_liverpool,h2_chunk_004,7915,762.627197265625,493.1971740722656,85.0,10.625,9.444444444444445
manutd_liverpool,h2_chunk_004,7975,594.7197265625,497.2583923339844,85.0,10.625,9.444444444444445
manutd_liverpool,h2_chunk_004,8265,1186.9141845703125,661.194580078125,101.0,12.625,11.222222222222221
manutd_liverpool,h2_chunk_004,10595,807.7285766601562,779.3058471679688,112.0,14.0,12.444444444444443
manutd_liverpool,h2_chunk_004,13005,526.1280517578125,510.4281311035156,86.0,10.75,9.555555555555555
manutd_liverpool,h2_chunk_004,13375,779.704345703125,385.6826171875,74.0,9.25,8.222222222222221
manutd_liverpool,h2_chunk_004,13430,727.3466796875,444.8998107910156,80.0,10.0,8.88888888888889
manutd_liverpool,h2_chunk_004,13570,369.6839599609375,618.9432983398438,96.0,12.0,10.666666666666666
manutd_liverpool,h2_chunk_004,13865,374.0985412597656,447.2857971191406,81.0,10.125,9.0
manutd_liverpool,h2_chunk_004,13935,371.18048095703125,465.9358215332031,82.0,10.25,9.11111111111111
manutd_liverpool,h2_chunk_004,14025,403.1966552734375,463.12744140625,82.0,10.25,9.11111111111111
manutd_liverpool,h2_chunk_005,750,1110.4130859375,482.0755615234375,84.0,10.5,9.333333333333332
manutd_liverpool,h2_chunk_005,795,1411.791259765625,441.4527893066406,80.0,10.0,8.88888888888889
manutd_liverpool,h2_chunk_005,855,1464.6712646484375,598.0638427734375,95.0,11.875,10.555555555555555
manutd_liverpool,h2_chunk_005,1090,502.8735656738281,487.9892883300781,84.0,10.5,9.333333333333332
manutd_liverpool,h2_chunk_005,1285,415.0341796875,461.4665222167969,82.0,10.25,9.11111111111111
manutd_liverpool,h2_chunk_005,1410,569.510009765625,527.3634643554688,88.0,11.0,9.777777777777777
manutd_liverpool,h2_chunk_005,1490,605.3480834960938,547.2088623046875,90.0,11.25,10.0
manutd_liverpool,h2_chunk_005,2005,1373.1317138671875,610.8953857421875,95.0,11.875,10.555555555555555
manutd_liverpool,h2_chunk_005,2150,1326.652099609375,503.60699462890625,86.0,10.75,9.555555555555555
manutd_liverpool,h2_chunk_005,2205,1343.1536865234375,412.5572814941406,77.0,9.625,8.555555555555555
manutd_liverpool,h2_chunk_005,2240,1206.86328125,482.87506103515625,83.0,10.375,9.222222222222221
manutd_liverpool,h2_chunk_005,2315,1288.18603515625,393.4872131347656,75.0,9.375,8.333333333333332
manutd_liverpool,h2_chunk_005,2390,1226.3211669921875,413.97320556640625,77.0,9.625,8.555555555555555
manutd_liverpool,h2_chunk_005,2440,1056.287109375,492.3722229003906,85.0,10.625,9.444444444444445
manutd_liverpool,h2_chunk_005,2630,1268.1214599609375,412.0296630859375,77.0,9.625,8.555555555555555
manutd_liverpool,h2_chunk_005,2660,1283.628173828125,389.7026062011719,75.0,9.375,8.333333333333332
manutd_tottenham,h1_chunk_000,640,1607.4583740234375,534.839599609375,88.0,11.0,9.777777777777777
manutd_tottenham,h1_chunk_000,1980,1588.46435546875,659.886962890625,100.0,12.5,11.11111111111111
manutd_tottenham,h1_chunk_000,2180,1381.991943359375,438.29730224609375,80.0,10.0,8.88888888888889
manutd_tottenham,h1_chunk_000,2355,1006.6690063476562,381.3403625488281,74.0,9.25,8.222222222222221
manutd_tottenham,h1_chunk_000,2470,1164.231201171875,404.4738464355469,76.0,9.5,8.444444444444445
manutd_tottenham,h1_chunk_000,2670,777.4088745117188,683.4509887695312,103.0,12.875,11.444444444444445
manutd_tottenham,h1_chunk_000,2840,836.3408203125,636.4187622070312,98.0,12.25,10.888888888888888
manutd_tottenham,h1_chunk_000,2890,901.0513916015625,616.9605712890625,96.0,12.0,10.666666666666666
manutd_tottenham,h1_chunk_000,2965,1009.602294921875,459.79107666015625,81.0,10.125,9.0
manutd_tottenham,h1_chunk_000,3130,1374.3338623046875,475.95074462890625,83.0,10.375,9.222222222222221
manutd_tottenham,h1_chunk_000,3390,833.9679565429688,485.3643493652344,84.0,10.5,9.333333333333332
manutd_tottenham,h1_chunk_000,3640,1099.8702392578125,475.4248352050781,83.0,10.375,9.222222222222221
manutd_tottenham,h1_chunk_000,6300,1470.779296875,679.8460083007812,102.0,12.75,11.333333333333332
manutd_tottenham,h1_chunk_000,6475,1641.4775390625,717.228271484375,106.0,13.25,11.777777777777777
manutd_tottenham,h1_chunk_000,7510,1076.1982421875,359.2555847167969,72.0,9.0,8.0
manutd_tottenham,h1_chunk_000,7550,1064.468017578125,418.835693359375,77.0,9.625,8.555555555555555
manutd_tottenham,h1_chunk_000,8910,868.6803588867188,533.8344116210938,88.0,11.0,9.777777777777777
manutd_tottenham,h1_chunk_000,9155,670.359130859375,626.9354248046875,97.0,12.125,10.777777777777777
manutd_tottenham,h1_chunk_000,9420,1229.428955078125,411.9518127441406,76.0,9.5,8.444444444444445
manutd_tottenham,h1_chunk_000,9695,904.67431640625,556.7364501953125,90.0,11.25,10.0
manutd_tottenham,h1_chunk_000,10800,713.74853515625,364.6480407714844,72.0,9.0,8.0
manutd_tottenham,h1_chunk_000,10845,495.21893310546875,366.13800048828125,73.0,9.125,8.11111111111111
manutd_tottenham,h1_chunk_000,12360,650.01171875,570.2405395507812,92.0,11.5,10.222222222222221
manutd_tottenham,h1_chunk_000,12415,314.4384765625,521.3297729492188,87.0,10.875,9.666666666666666
manutd_tottenham,h1_chunk_000,13010,1305.7509765625,371.0062561035156,74.0,9.25,8.222222222222221
manutd_tottenham,h1_chunk_000,13350,1287.691650390625,337.8064880371094,70.0,8.75,7.777777777777778
manutd_tottenham,h1_chunk_000,13585,924.8583984375,387.9052429199219,74.0,9.25,8.222222222222221
manutd_tottenham,h1_chunk_001,535,977.7319946289062,682.3038940429688,103.0,12.875,11.444444444444445
manutd_tottenham,h1_chunk_001,765,1137.97998046875,433.21942138671875,79.0,9.875,8.777777777777777
manutd_tottenham,h1_chunk_001,2335,1213.669677734375,501.1341857910156,86.0,10.75,9.555555555555555
manutd_tottenham,h1_chunk_001,2360,1269.4503173828125,558.4332275390625,91.0,11.375,10.11111111111111
manutd_tottenham,h1_chunk_001,2485,650.0341796875,510.6011657714844,86.0,10.75,9.555555555555555
manutd_tottenham,h1_chunk_001,3755,772.736572265625,480.2886047363281,84.0,10.5,9.333333333333332
manutd_tottenham,h1_chunk_001,3965,1465.918212890625,637.591064453125,98.0,12.25,10.888888888888888
manutd_tottenham,h1_chunk_001,4065,1507.186767578125,645.073974609375,100.0,12.5,11.11111111111111
manutd_tottenham,h1_chunk_001,4680,1277.498046875,444.7873229980469,80.0,10.0,8.88888888888889
manutd_tottenham,h1_chunk_001,4760,1238.0936279296875,508.89630126953125,86.0,10.75,9.555555555555555
manutd_tottenham,h1_chunk_001,5555,474.212646484375,914.4778442382812,125.0,15.625,13.888888888888888
manutd_tottenham,h1_chunk_001,5630,468.48687744140625,796.8978881835938,113.0,14.125,12.555555555555555
manutd_tottenham,h1_chunk_001,5945,702.9708251953125,655.8331298828125,100.0,12.5,11.11111111111111
manutd_tottenham,h1_chunk_001,6125,727.15234375,583.0159912109375,94.0,11.75,10.444444444444445
manutd_tottenham,h1_chunk_001,6165,517.3297729492188,834.58984375,117.0,14.625,13.0
manutd_tottenham,h1_chunk_001,6750,254.395751953125,497.6588134765625,85.0,10.625,9.444444444444445
manutd_tottenham,h1_chunk_001,7350,606.4710693359375,910.5477905273438,124.0,15.5,13.777777777777777
manutd_tottenham,h1_chunk_001,7405,1249.21533203125,768.31298828125,111.0,13.875,12.333333333333332
manutd_tottenham,h1_chunk_001,7450,1117.185791015625,438.4010925292969,80.0,10.0,8.88888888888889
manutd_tottenham,h1_chunk_001,7515,869.0770874023438,556.8412475585938,90.0,11.25,10.0
manutd_tottenham,h1_chunk_001,7910,1439.048828125,805.7748413085938,114.0,14.25,12.666666666666666
manutd_tottenham,h1_chunk_001,7960,1634.5858154296875,634.59716796875,98.0,12.25,10.888888888888888
manutd_tottenham,h1_chunk_001,8025,1613.6773681640625,414.873291015625,77.0,9.625,8.555555555555555
manutd_tottenham,h1_chunk_001,8065,875.9840698242188,519.4519653320312,87.0,10.875,9.666666666666666
manutd_tottenham,h1_chunk_001,8175,968.498046875,555.4210815429688,91.0,11.375,10.11111111111111
manutd_tottenham,h1_chunk_001,9845,782.0638427734375,671.43701171875,102.0,12.75,11.333333333333332
manutd_tottenham,h1_chunk_001,10380,707.0516967773438,417.79058837890625,77.0,9.625,8.555555555555555
manutd_tottenham,h1_chunk_001,11640,1596.007568359375,670.25244140625,102.0,12.75,11.333333333333332
manutd_tottenham,h1_chunk_001,11775,1374.3826904296875,457.51641845703125,81.0,10.125,9.0
manutd_tottenham,h1_chunk_001,11975,260.91015625,894.8677978515625,122.0,15.25,13.555555555555555
manutd_tottenham,h1_chunk_001,12185,1617.84912109375,552.4534912109375,90.0,11.25,10.0
manutd_tottenham,h1_chunk_001,12305,1483.149658203125,532.90185546875,88.0,11.0,9.777777777777777
manutd_tottenham,h1_chunk_001,12380,1323.2808837890625,409.25860595703125,77.0,9.625,8.555555555555555
manutd_tottenham,h1_chunk_001,13190,1362.195068359375,457.9231262207031,81.0,10.125,9.0
manutd_tottenham,h1_chunk_001,13430,1469.341064453125,417.8674621582031,77.0,9.625,8.555555555555555
manutd_tottenham,h1_chunk_001,13740,1605.39794921875,598.9943237304688,94.0,11.75,10.444444444444445
manutd_tottenham,h1_chunk_001,13835,1150.8404541015625,361.0462646484375,73.0,9.125,8.11111111111111
manutd_tottenham,h1_chunk_001,14180,816.7264404296875,760.4996337890625,110.0,13.75,12.222222222222221
manutd_tottenham,h1_chunk_002,2870,581.3070068359375,775.6449584960938,111.0,13.875,12.333333333333332
manutd_tottenham,h1_chunk_002,2910,1229.6571044921875,647.055908203125,100.0,12.5,11.11111111111111
manutd_tottenham,h1_chunk_002,3675,1337.4970703125,779.3167114257812,112.0,14.0,12.444444444444443
manutd_tottenham,h1_chunk_002,3710,1618.9189453125,639.2657470703125,99.0,12.375,11.0
manutd_tottenham,h1_chunk_002,4065,1359.163818359375,613.7841186523438,96.0,12.0,10.666666666666666
manutd_tottenham,h1_chunk_002,4175,412.51031494140625,776.1329956054688,112.0,14.0,12.444444444444443
manutd_tottenham,h1_chunk_002,4190,349.43487548828125,722.44189453125,106.0,13.25,11.777777777777777
manutd_tottenham,h1_chunk_002,5735,1325.582763671875,609.4591064453125,96.0,12.0,10.666666666666666
manutd_tottenham,h1_chunk_002,6020,1448.289306640625,403.3619079589844,76.0,9.5,8.444444444444445
manutd_tottenham,h1_chunk_002,6145,1636.4627685546875,703.6111450195312,105.0,13.125,11.666666666666666
manutd_tottenham,h1_chunk_002,6215,1225.1728515625,683.0415649414062,103.0,12.875,11.444444444444445
manutd_tottenham,h1_chunk_002,6270,1192.792724609375,794.022705078125,114.0,14.25,12.666666666666666
manutd_tottenham,h1_chunk_002,6765,1620.013427734375,728.7866821289062,107.0,13.375,11.888888888888888
manutd_tottenham,h1_chunk_002,8335,1175.2694091796875,762.5671997070312,110.0,13.75,12.222222222222221
manutd_tottenham,h1_chunk_002,8450,1430.40625,425.8890686035156,78.0,9.75,8.666666666666666
manutd_tottenham,h1_chunk_002,8500,1318.670654296875,384.0101623535156,75.0,9.375,8.333333333333332
manutd_tottenham,h1_chunk_002,8555,1405.59619140625,463.4890441894531,82.0,10.25,9.11111111111111
manutd_tottenham,h1_chunk_002,8640,1210.4111328125,371.543212890625,73.0,9.125,8.11111111111111
manutd_tottenham,h1_chunk_002,8725,877.862060546875,373.579833984375,73.0,9.125,8.11111111111111
manutd_tottenham,h1_chunk_002,8885,1608.4940185546875,492.22589111328125,85.0,10.625,9.444444444444445
manutd_tottenham,h1_chunk_002,9270,1001.9928588867188,372.9911193847656,73.0,9.125,8.11111111111111
manutd_tottenham,h1_chunk_002,10170,1548.767333984375,479.66009521484375,83.0,10.375,9.222222222222221
manutd_tottenham,h1_chunk_002,10450,1656.7451171875,618.0609130859375,97.0,12.125,10.777777777777777
manutd_tottenham,h1_chunk_002,10580,1467.21875,391.8418273925781,75.0,9.375,8.333333333333332
manutd_tottenham,h1_chunk_002,11230,1026.13232421875,651.984619140625,99.0,12.375,11.0
manutd_tottenham,h1_chunk_002,11680,1548.5478515625,543.0606079101562,90.0,11.25,10.0
manutd_tottenham,h1_chunk_002,12075,644.76708984375,840.5267333984375,118.0,14.75,13.11111111111111
manutd_tottenham,h1_chunk_002,12580,1412.66845703125,478.6971435546875,83.0,10.375,9.222222222222221
manutd_tottenham,h1_chunk_002,12660,1408.821533203125,776.7098388671875,111.0,13.875,12.333333333333332
manutd_tottenham,h1_chunk_002,12795,1423.7900390625,423.49139404296875,78.0,9.75,8.666666666666666
manutd_tottenham,h1_chunk_002,12900,1270.899169921875,496.9671630859375,85.0,10.625,9.444444444444445
manutd_tottenham,h1_chunk_002,13455,1556.864501953125,351.37677001953125,71.0,8.875,7.888888888888888
manutd_tottenham,h1_chunk_002,13665,1203.26171875,412.0269470214844,77.0,9.625,8.555555555555555
manutd_tottenham,h1_chunk_003,1075,1046.9539794921875,422.0683288574219,78.0,9.75,8.666666666666666
manutd_tottenham,h1_chunk_003,1120,1390.04248046875,477.2198791503906,83.0,10.375,9.222222222222221
manutd_tottenham,h1_chunk_003,1435,681.415771484375,772.2942504882812,111.0,13.875,12.333333333333332
manutd_tottenham,h1_chunk_003,1640,1407.466796875,603.365966796875,95.0,11.875,10.555555555555555
manutd_tottenham,h1_chunk_003,1850,1578.936767578125,545.42333984375,90.0,11.25,10.0
manutd_tottenham,h1_chunk_003,2535,692.2022705078125,874.9321899414062,120.0,15.0,13.333333333333332
manutd_tottenham,h1_chunk_003,2605,1402.2391357421875,878.472900390625,121.0,15.125,13.444444444444443
manutd_tottenham,h1_chunk_003,2695,854.4215698242188,617.2342529296875,97.0,12.125,10.777777777777777
manutd_tottenham,h1_chunk_003,2835,408.98944091796875,757.6884155273438,110.0,13.75,12.222222222222221
manutd_tottenham,h1_chunk_003,2875,879.19970703125,629.4847412109375,98.0,12.25,10.888888888888888
manutd_tottenham,h1_chunk_003,4725,875.404296875,787.3641967773438,113.0,14.125,12.555555555555555
manutd_tottenham,h1_chunk_003,6340,1392.52880859375,438.9581604003906,79.0,9.875,8.777777777777777
manutd_tottenham,h1_chunk_003,7060,727.2965087890625,426.8090515136719,78.0,9.75,8.666666666666666
manutd_tottenham,h1_chunk_003,7120,684.3958129882812,415.04510498046875,78.0,9.75,8.666666666666666
manutd_tottenham,h1_chunk_003,8000,776.1895751953125,599.4759521484375,95.0,11.875,10.555555555555555
manutd_tottenham,h1_chunk_003,8100,823.8132934570312,446.5730285644531,80.0,10.0,8.88888888888889
manutd_tottenham,h1_chunk_003,8220,947.9688720703125,373.7993469238281,73.0,9.125,8.11111111111111
manutd_tottenham,h1_chunk_003,8410,1649.3236083984375,447.5506591796875,80.0,10.0,8.88888888888889
manutd_tottenham,h1_chunk_003,8520,1447.1578369140625,574.547607421875,92.0,11.5,10.222222222222221
manutd_tottenham,h1_chunk_003,8890,1604.84423828125,637.7594604492188,98.0,12.25,10.888888888888888
manutd_tottenham,h1_chunk_003,9005,818.2972412109375,876.763427734375,121.0,15.125,13.444444444444443
manutd_tottenham,h1_chunk_003,9135,1511.349365234375,674.095947265625,102.0,12.75,11.333333333333332
manutd_tottenham,h1_chunk_003,9585,948.2191162109375,720.7608642578125,106.0,13.25,11.777777777777777
manutd_tottenham,h1_chunk_003,9875,500.5947265625,496.92852783203125,85.0,10.625,9.444444444444445
manutd_tottenham,h1_chunk_003,9950,578.4468994140625,356.9191589355469,71.0,8.875,7.888888888888888
manutd_tottenham,h1_chunk_003,11770,1577.6240234375,394.9609680175781,75.0,9.375,8.333333333333332
manutd_tottenham,h1_chunk_003,12785,533.6434326171875,500.4983215332031,85.0,10.625,9.444444444444445
manutd_tottenham,h1_chunk_003,14715,1134.8082275390625,545.5201416015625,90.0,11.25,10.0
manutd_tottenham,h1_chunk_004,585,985.1695556640625,622.8328857421875,97.0,12.125,10.777777777777777
manutd_tottenham,h1_chunk_004,660,856.725341796875,693.7774047851562,103.0,12.875,11.444444444444445
manutd_tottenham,h1_chunk_004,700,879.1510620117188,682.273681640625,103.0,12.875,11.444444444444445
manutd_tottenham,h1_chunk_004,775,1292.4788818359375,604.6124267578125,95.0,11.875,10.555555555555555
manutd_tottenham,h1_chunk_004,1465,441.9461669921875,450.8663330078125,80.0,10.0,8.88888888888889
manutd_tottenham,h1_chunk_004,1575,1354.74755859375,463.18060302734375,82.0,10.25,9.11111111111111
manutd_tottenham,h1_chunk_004,6215,1498.1630859375,476.6488342285156,83.0,10.375,9.222222222222221
manutd_tottenham,h1_chunk_004,6375,799.598388671875,894.8733520507812,122.0,15.25,13.555555555555555
manutd_tottenham,h1_chunk_004,6405,120.78025817871094,943.2467651367188,128.0,16.0,14.222222222222221
manutd_tottenham,h1_chunk_004,6605,1535.20849609375,549.4705810546875,90.0,11.25,10.0
manutd_tottenham,h1_chunk_004,6730,1350.6005859375,654.697998046875,100.0,12.5,11.11111111111111
manutd_tottenham,h1_chunk_004,7380,1442.539794921875,503.7345886230469,85.0,10.625,9.444444444444445
manutd_tottenham,h1_chunk_004,7555,886.801025390625,847.6832885742188,118.0,14.75,13.11111111111111
manutd_tottenham,h1_chunk_004,7595,420.78936767578125,783.2503662109375,112.0,14.0,12.444444444444443
manutd_tottenham,h1_chunk_004,7710,492.8802490234375,807.3245239257812,115.0,14.375,12.777777777777777
manutd_tottenham,h1_chunk_004,7775,691.5205078125,603.420166015625,95.0,11.875,10.555555555555555
manutd_tottenham,h1_chunk_004,7990,1354.50390625,512.9515991210938,86.0,10.75,9.555555555555555
manutd_tottenham,h1_chunk_004,8095,1354.9462890625,430.7605895996094,78.0,9.75,8.666666666666666
manutd_tottenham,h1_chunk_004,8130,1127.7255859375,425.88311767578125,78.0,9.75,8.666666666666666
manutd_tottenham,h1_chunk_004,8970,116.30723571777344,396.9492492675781,75.0,9.375,8.333333333333332
manutd_tottenham,h1_chunk_004,9950,1617.9718017578125,582.0192260742188,94.0,11.75,10.444444444444445
manutd_tottenham,h1_chunk_004,10090,1509.42724609375,486.876953125,84.0,10.5,9.333333333333332
manutd_tottenham,h1_chunk_004,10175,1260.550537109375,587.9695434570312,93.0,11.625,10.333333333333332
manutd_tottenham,h1_chunk_004,10550,1390.6708984375,377.2413635253906,74.0,9.25,8.222222222222221
manutd_tottenham,h1_chunk_004,10780,1619.41552734375,571.8657836914062,92.0,11.5,10.222222222222221
manutd_tottenham,h1_chunk_004,11020,1445.807373046875,518.714111328125,87.0,10.875,9.666666666666666
manutd_tottenham,h1_chunk_004,11290,1590.3995361328125,480.2680969238281,84.0,10.5,9.333333333333332
manutd_tottenham,h1_chunk_004,11730,1338.2548828125,925.0809326171875,126.0,15.75,14.0
manutd_tottenham,h1_chunk_004,11825,1351.42041015625,619.9586791992188,96.0,12.0,10.666666666666666
manutd_tottenham,h1_chunk_004,11860,1601.32470703125,580.5008544921875,93.0,11.625,10.333333333333332
manutd_tottenham,h1_chunk_004,11980,1298.589111328125,624.9285278320312,97.0,12.125,10.777777777777777
manutd_tottenham,h1_chunk_004,13080,1578.3193359375,495.6611022949219,85.0,10.625,9.444444444444445
manutd_tottenham,h2_chunk_000,125,1395.15673828125,568.6796264648438,92.0,11.5,10.222222222222221
manutd_tottenham,h2_chunk_000,170,1227.880859375,454.0711975097656,81.0,10.125,9.0
manutd_tottenham,h2_chunk_000,275,1133.723876953125,480.52081298828125,83.0,10.375,9.222222222222221
manutd_tottenham,h2_chunk_000,400,1560.52490234375,460.7774658203125,81.0,10.125,9.0
manutd_tottenham,h2_chunk_000,465,1368.760498046875,420.7685546875,78.0,9.75,8.666666666666666
manutd_tottenham,h2_chunk_000,610,1493.4139404296875,461.63006591796875,82.0,10.25,9.11111111111111
manutd_tottenham,h2_chunk_000,2450,857.5076293945312,410.9418029785156,76.0,9.5,8.444444444444445
manutd_tottenham,h2_chunk_000,2775,750.8311767578125,369.5028076171875,73.0,9.125,8.11111111111111
manutd_tottenham,h2_chunk_000,2870,650.30615234375,372.9296875,73.0,9.125,8.11111111111111
manutd_tottenham,h2_chunk_000,2950,500.84149169921875,471.7361755371094,82.0,10.25,9.11111111111111
manutd_tottenham,h2_chunk_000,3085,518.1439208984375,610.8016357421875,96.0,12.0,10.666666666666666
manutd_tottenham,h2_chunk_000,3550,1561.302978515625,444.8788146972656,80.0,10.0,8.88888888888889
manutd_tottenham,h2_chunk_000,3960,1043.400390625,390.24493408203125,75.0,9.375,8.333333333333332
manutd_tottenham,h2_chunk_000,4100,1317.98974609375,505.9736633300781,85.0,10.625,9.444444444444445
manutd_tottenham,h2_chunk_000,4165,1270.20849609375,391.9326477050781,75.0,9.375,8.333333333333332
manutd_tottenham,h2_chunk_000,4255,1160.925048828125,384.5233459472656,74.0,9.25,8.222222222222221
manutd_tottenham,h2_chunk_000,4305,1119.1767578125,495.12261962890625,85.0,10.625,9.444444444444445
manutd_tottenham,h2_chunk_000,7905,556.0382080078125,543.5198364257812,89.0,11.125,9.888888888888888
manutd_tottenham,h2_chunk_000,8055,499.4422607421875,557.897705078125,90.0,11.25,10.0
manutd_tottenham,h2_chunk_000,8275,1120.318115234375,941.819580078125,127.0,15.875,14.11111111111111
manutd_tottenham,h2_chunk_000,8415,1267.892822265625,472.4242858886719,83.0,10.375,9.222222222222221
manutd_tottenham,h2_chunk_000,8950,681.6351318359375,599.9647827148438,94.0,11.75,10.444444444444445
manutd_tottenham,h2_chunk_000,9100,591.0166625976562,502.2099914550781,86.0,10.75,9.555555555555555
manutd_tottenham,h2_chunk_000,9230,379.63763427734375,561.2845458984375,91.0,11.375,10.11111111111111
manutd_tottenham,h2_chunk_000,9290,442.3263854980469,418.7445068359375,77.0,9.625,8.555555555555555
manutd_tottenham,h2_chunk_000,9645,982.8347778320312,443.12060546875,80.0,10.0,8.88888888888889
manutd_tottenham,h2_chunk_000,9770,1110.21923828125,403.9017028808594,76.0,9.5,8.444444444444445
manutd_tottenham,h2_chunk_000,10260,382.90863037109375,428.1769104003906,79.0,9.875,8.777777777777777
manutd_tottenham,h2_chunk_000,10440,235.3846435546875,665.4026489257812,101.0,12.625,11.222222222222221
manutd_tottenham,h2_chunk_000,10505,310.7029724121094,474.704345703125,83.0,10.375,9.222222222222221
manutd_tottenham,h2_chunk_000,10570,579.7216796875,407.7101745605469,76.0,9.5,8.444444444444445
manutd_tottenham,h2_chunk_000,10750,971.542724609375,374.08245849609375,74.0,9.25,8.222222222222221
manutd_tottenham,h2_chunk_000,12025,563.4892578125,636.1690673828125,99.0,12.375,11.0
manutd_tottenham,h2_chunk_000,12345,804.1461181640625,413.55438232421875,77.0,9.625,8.555555555555555
manutd_tottenham,h2_chunk_000,14055,1069.096923828125,603.9630737304688,95.0,11.875,10.555555555555555
manutd_tottenham,h2_chunk_001,420,1441.765869140625,627.682373046875,97.0,12.125,10.777777777777777
manutd_tottenham,h2_chunk_001,2015,446.52630615234375,601.7220458984375,95.0,11.875,10.555555555555555
manutd_tottenham,h2_chunk_001,3480,712.0193481445312,593.8479614257812,94.0,11.75,10.444444444444445
manutd_tottenham,h2_chunk_001,4370,344.31402587890625,726.9564208984375,106.0,13.25,11.777777777777777
manutd_tottenham,h2_chunk_001,4470,444.9789733886719,559.0757446289062,91.0,11.375,10.11111111111111
manutd_tottenham,h2_chunk_001,4570,464.94244384765625,734.490478515625,108.0,13.5,12.0
manutd_tottenham,h2_chunk_001,4875,1054.7525634765625,869.7883911132812,120.0,15.0,13.333333333333332
manutd_tottenham,h2_chunk_001,5065,1396.742431640625,655.3583984375,100.0,12.5,11.11111111111111
manutd_tottenham,h2_chunk_001,5200,939.77294921875,687.31201171875,103.0,12.875,11.444444444444445
manutd_tottenham,h2_chunk_001,5230,1155.900390625,668.6925659179688,101.0,12.625,11.222222222222221
manutd_tottenham,h2_chunk_001,5410,545.9056396484375,658.3233642578125,101.0,12.625,11.222222222222221
manutd_tottenham,h2_chunk_001,5440,793.6063842773438,513.0455932617188,87.0,10.875,9.666666666666666
manutd_tottenham,h2_chunk_001,6145,287.581298828125,604.9232788085938,95.0,11.875,10.555555555555555
manutd_tottenham,h2_chunk_001,6410,231.75155639648438,574.3038940429688,93.0,11.625,10.333333333333332
manutd_tottenham,h2_chunk_001,6940,471.6884765625,489.18560791015625,85.0,10.625,9.444444444444445
manutd_tottenham,h2_chunk_001,7060,785.270751953125,447.9051513671875,80.0,10.0,8.88888888888889
manutd_tottenham,h2_chunk_001,7105,535.5819091796875,491.8777770996094,84.0,10.5,9.333333333333332
manutd_tottenham,h2_chunk_001,7255,384.9803466796875,599.26123046875,95.0,11.875,10.555555555555555
manutd_tottenham,h2_chunk_001,7385,361.73065185546875,518.731201171875,87.0,10.875,9.666666666666666
manutd_tottenham,h2_chunk_001,7455,512.3780517578125,595.031494140625,95.0,11.875,10.555555555555555
manutd_tottenham,h2_chunk_001,7710,230.51583862304688,536.443603515625,89.0,11.125,9.888888888888888
manutd_tottenham,h2_chunk_001,7845,263.80194091796875,781.86083984375,112.0,14.0,12.444444444444443
manutd_tottenham,h2_chunk_001,8155,402.12945556640625,718.9342041015625,106.0,13.25,11.777777777777777
manutd_tottenham,h2_chunk_001,9675,1575.931884765625,431.9798278808594,78.0,9.75,8.666666666666666
manutd_tottenham,h2_chunk_001,9795,850.4564208984375,619.3828125,97.0,12.125,10.777777777777777
manutd_tottenham,h2_chunk_001,12050,608.206298828125,508.6722106933594,86.0,10.75,9.555555555555555
manutd_tottenham,h2_chunk_001,13285,1563.2904052734375,499.6549377441406,85.0,10.625,9.444444444444445
manutd_tottenham,h2_chunk_001,13410,1128.74853515625,447.60760498046875,80.0,10.0,8.88888888888889
manutd_tottenham,h2_chunk_002,825,1509.802490234375,797.5357055664062,114.0,14.25,12.666666666666666
manutd_tottenham,h2_chunk_002,1245,837.7108154296875,505.0494079589844,86.0,10.75,9.555555555555555
manutd_tottenham,h2_chunk_002,3610,1778.498291015625,769.5366821289062,111.0,13.875,12.333333333333332
manutd_tottenham,h2_chunk_002,3845,591.69140625,459.0912170410156,82.0,10.25,9.11111111111111
manutd_tottenham,h2_chunk_002,4220,568.1612548828125,484.1668395996094,84.0,10.5,9.333333333333332
manutd_tottenham,h2_chunk_002,4425,486.42694091796875,508.7867736816406,86.0,10.75,9.555555555555555
manutd_tottenham,h2_chunk_002,4685,652.79150390625,986.13916015625,132.0,16.5,14.666666666666666
manutd_tottenham,h2_chunk_002,5320,563.4283447265625,597.2318115234375,95.0,11.875,10.555555555555555
manutd_tottenham,h2_chunk_002,5365,677.5250244140625,689.778564453125,103.0,12.875,11.444444444444445
manutd_tottenham,h2_chunk_002,5510,567.7259521484375,336.4340515136719,70.0,8.75,7.777777777777778
manutd_tottenham,h2_chunk_002,5940,1495.1561279296875,546.2149658203125,90.0,11.25,10.0
manutd_tottenham,h2_chunk_002,6155,1494.8935546875,430.7890319824219,78.0,9.75,8.666666666666666
manutd_tottenham,h2_chunk_002,6455,955.6973876953125,480.7756652832031,83.0,10.375,9.222222222222221
manutd_tottenham,h2_chunk_002,6575,1346.0804443359375,426.3842468261719,78.0,9.75,8.666666666666666
manutd_tottenham,h2_chunk_002,6630,1210.024658203125,566.2659912109375,92.0,11.5,10.222222222222221
manutd_tottenham,h2_chunk_002,6730,1493.854248046875,578.0731201171875,93.0,11.625,10.333333333333332
manutd_tottenham,h2_chunk_002,7025,338.505615234375,717.1500244140625,106.0,13.25,11.777777777777777
manutd_tottenham,h2_chunk_002,7760,1266.056640625,430.7439880371094,78.0,9.75,8.666666666666666
manutd_tottenham,h2_chunk_002,7835,1611.4404296875,576.7645874023438,92.0,11.5,10.222222222222221
manutd_tottenham,h2_chunk_002,8530,567.7576904296875,907.7803344726562,124.0,15.5,13.777777777777777
manutd_tottenham,h2_chunk_002,8590,319.75555419921875,601.676513671875,95.0,11.875,10.555555555555555
manutd_tottenham,h2_chunk_002,8750,582.3643798828125,526.9971313476562,87.0,10.875,9.666666666666666
manutd_tottenham,h2_chunk_002,8960,702.5719604492188,506.1849670410156,86.0,10.75,9.555555555555555
manutd_tottenham,h2_chunk_002,9050,281.15350341796875,810.5477294921875,115.0,14.375,12.777777777777777
manutd_tottenham,h2_chunk_002,9125,357.8394470214844,464.60052490234375,82.0,10.25,9.11111111111111
manutd_tottenham,h2_chunk_002,9265,595.1392211914062,461.89886474609375,81.0,10.125,9.0
manutd_tottenham,h2_chunk_002,9515,236.9319305419922,508.6977844238281,86.0,10.75,9.555555555555555
manutd_tottenham,h2_chunk_002,9655,487.51507568359375,505.9758605957031,85.0,10.625,9.444444444444445
manutd_tottenham,h2_chunk_002,10250,296.0271911621094,925.1193237304688,126.0,15.75,14.0
manutd_tottenham,h2_chunk_002,10310,555.552490234375,836.0586547851562,118.0,14.75,13.11111111111111
manutd_tottenham,h2_chunk_002,10365,1024.4521484375,965.2954711914062,130.0,16.25,14.444444444444443
manutd_tottenham,h2_chunk_002,10525,1292.2747802734375,615.1346435546875,97.0,12.125,10.777777777777777
manutd_tottenham,h2_chunk_002,11140,451.6198425292969,945.3074951171875,128.0,16.0,14.222222222222221
manutd_tottenham,h2_chunk_002,11335,266.74700927734375,846.9566650390625,118.0,14.75,13.11111111111111
manutd_tottenham,h2_chunk_002,11410,1096.46533203125,703.34912109375,105.0,13.125,11.666666666666666
manutd_tottenham,h2_chunk_002,14010,710.005126953125,960.14111328125,129.0,16.125,14.333333333333332
manutd_tottenham,h2_chunk_002,14045,276.0216369628906,793.4984130859375,113.0,14.125,12.555555555555555
manutd_tottenham,h2_chunk_003,900,1246.4033203125,432.31390380859375,79.0,9.875,8.777777777777777
manutd_tottenham,h2_chunk_003,1025,1129.1387939453125,517.189453125,87.0,10.875,9.666666666666666
manutd_tottenham,h2_chunk_003,1405,721.46923828125,636.58642578125,98.0,12.25,10.888888888888888
manutd_tottenham,h2_chunk_003,1485,328.94970703125,512.076171875,87.0,10.875,9.666666666666666
manutd_tottenham,h2_chunk_003,1540,584.85009765625,448.1074523925781,81.0,10.125,9.0
manutd_tottenham,h2_chunk_003,1590,306.7042236328125,449.2130432128906,81.0,10.125,9.0
manutd_tottenham,h2_chunk_003,1695,494.948974609375,603.4188232421875,95.0,11.875,10.555555555555555
manutd_tottenham,h2_chunk_003,1800,418.5067443847656,644.6874389648438,99.0,12.375,11.0
manutd_tottenham,h2_chunk_003,1885,514.9954223632812,513.1241455078125,87.0,10.875,9.666666666666666
manutd_tottenham,h2_chunk_003,2715,892.0833129882812,619.9031372070312,96.0,12.0,10.666666666666666
manutd_tottenham,h2_chunk_003,7600,691.145263671875,443.0694274902344,80.0,10.0,8.88888888888889
manutd_tottenham,h2_chunk_003,7950,1565.845703125,808.7720336914062,114.0,14.25,12.666666666666666
manutd_tottenham,h2_chunk_003,8005,949.088134765625,656.9666748046875,100.0,12.5,11.11111111111111
manutd_tottenham,h2_chunk_003,8030,924.3829345703125,651.6560668945312,100.0,12.5,11.11111111111111
manutd_tottenham,h2_chunk_003,8150,1179.4420166015625,671.7122802734375,101.0,12.625,11.222222222222221
manutd_tottenham,h2_chunk_003,8340,708.2213745117188,785.6527099609375,112.0,14.0,12.444444444444443
manutd_tottenham,h2_chunk_003,8415,1076.4683837890625,724.3566284179688,107.0,13.375,11.888888888888888
manutd_tottenham,h2_chunk_003,8730,566.40185546875,575.846923828125,92.0,11.5,10.222222222222221
manutd_tottenham,h2_chunk_003,8785,800.83154296875,453.2198791503906,81.0,10.125,9.0
manutd_tottenham,h2_chunk_003,9035,635.56494140625,697.9794921875,104.0,13.0,11.555555555555555
manutd_tottenham,h2_chunk_003,9315,164.42864990234375,639.1773681640625,99.0,12.375,11.0
manutd_tottenham,h2_chunk_003,9590,420.4197998046875,434.0545349121094,79.0,9.875,8.777777777777777
manutd_tottenham,h2_chunk_003,11015,1163.313232421875,592.769775390625,94.0,11.75,10.444444444444445
manutd_tottenham,h2_chunk_003,11195,698.8348388671875,625.8489990234375,97.0,12.125,10.777777777777777
manutd_tottenham,h2_chunk_003,14720,476.3248291015625,661.4439086914062,101.0,12.625,11.222222222222221
manutd_tottenham,h2_chunk_004,150,303.1110534667969,676.5660400390625,102.0,12.75,11.333333333333332
manutd_tottenham,h2_chunk_004,190,803.852783203125,480.8053283691406,83.0,10.375,9.222222222222221
manutd_tottenham,h2_chunk_004,295,518.9057006835938,644.007568359375,99.0,12.375,11.0
manutd_tottenham,h2_chunk_004,1975,793.1956176757812,541.2811889648438,89.0,11.125,9.888888888888888
manutd_tottenham,h2_chunk_004,2070,1118.281494140625,465.1427001953125,82.0,10.25,9.11111111111111
manutd_tottenham,h2_chunk_004,3115,918.51708984375,424.7238464355469,78.0,9.75,8.666666666666666
manutd_tottenham,h2_chunk_004,3215,990.56982421875,368.9411315917969,72.0,9.0,8.0
manutd_tottenham,h2_chunk_004,3570,248.99612426757812,438.2247314453125,80.0,10.0,8.88888888888889
manutd_tottenham,h2_chunk_004,3650,981.6231689453125,670.362548828125,102.0,12.75,11.333333333333332
manutd_tottenham,h2_chunk_004,3830,339.3443908691406,479.7107849121094,83.0,10.375,9.222222222222221
manutd_tottenham,h2_chunk_004,4565,1234.9012451171875,434.587890625,79.0,9.875,8.777777777777777
manutd_tottenham,h2_chunk_004,5125,1248.763427734375,497.7381896972656,85.0,10.625,9.444444444444445
manutd_tottenham,h2_chunk_004,5790,1259.119384765625,364.27703857421875,73.0,9.125,8.11111111111111
manutd_tottenham,h2_chunk_004,5840,1664.0972900390625,474.14984130859375,83.0,10.375,9.222222222222221
manutd_tottenham,h2_chunk_004,5905,1594.416015625,460.2589111328125,82.0,10.25,9.11111111111111
manutd_tottenham,h2_chunk_004,5925,1514.657470703125,471.4128112792969,83.0,10.375,9.222222222222221
manutd_tottenham,h2_chunk_004,6645,656.79541015625,798.7341918945312,113.0,14.125,12.555555555555555
manutd_tottenham,h2_chunk_004,6775,1412.5645751953125,581.1190185546875,93.0,11.625,10.333333333333332
manutd_tottenham,h2_chunk_004,6920,1575.394287109375,562.8060302734375,91.0,11.375,10.11111111111111
manutd_tottenham,h2_chunk_004,8505,1199.6708984375,682.909912109375,102.0,12.75,11.333333333333332
manutd_tottenham,h2_chunk_004,8605,698.2597045898438,651.8878784179688,99.0,12.375,11.0
manutd_tottenham,h2_chunk_004,11060,932.3472900390625,578.5355834960938,93.0,11.625,10.333333333333332
manutd_tottenham,h2_chunk_004,11120,1097.07861328125,625.0771484375,98.0,12.25,10.888888888888888
manutd_tottenham,h2_chunk_004,11175,1336.1490478515625,651.4415893554688,100.0,12.5,11.11111111111111
manutd_tottenham,h2_chunk_004,11315,845.45263671875,658.1390991210938,101.0,12.625,11.222222222222221
manutd_tottenham,h2_chunk_004,11350,866.5546264648438,945.5473022460938,128.0,16.0,14.222222222222221
manutd_tottenham,h2_chunk_004,11430,353.8260498046875,815.5579223632812,115.0,14.375,12.777777777777777
manutd_tottenham,h2_chunk_004,12115,663.8447875976562,563.7622680664062,91.0,11.375,10.11111111111111
manutd_tottenham,h2_chunk_004,12630,671.6788330078125,591.3013305664062,94.0,11.75,10.444444444444445
manutd_tottenham,h2_chunk_004,12870,1005.8455810546875,409.66363525390625,77.0,9.625,8.555555555555555
manutd_tottenham,h2_chunk_004,12950,1110.4478759765625,472.4727783203125,83.0,10.375,9.222222222222221
manutd_tottenham,h2_chunk_004,13255,918.4267578125,593.8101806640625,94.0,11.75,10.444444444444445
manutd_tottenham,h2_chunk_004,13285,660.2994384765625,550.3720703125,90.0,11.25,10.0
manutd_tottenham,h2_chunk_004,13475,467.48199462890625,824.9251098632812,116.0,14.5,12.888888888888888
manutd_tottenham,h2_chunk_004,13595,307.8939514160156,672.0126953125,102.0,12.75,11.333333333333332
manutd_tottenham,h2_chunk_004,13635,589.6861572265625,843.6967163085938,118.0,14.75,13.11111111111111
manutd_tottenham,h2_chunk_004,13700,235.37777709960938,631.1112060546875,98.0,12.25,10.888888888888888
manutd_tottenham,h2_chunk_004,13820,450.7925720214844,666.6619873046875,101.0,12.625,11.222222222222221
manutd_tottenham,h2_chunk_004,14660,542.2661743164062,718.9008178710938,106.0,13.25,11.777777777777777
manutd_tottenham,h2_chunk_005,215,1574.32421875,533.2520751953125,89.0,11.125,9.888888888888888
manutd_tottenham,h2_chunk_005,320,1422.37744140625,587.0946044921875,94.0,11.75,10.444444444444445
manutd_tottenham,h2_chunk_005,640,1521.2318115234375,499.6415100097656,85.0,10.625,9.444444444444445
manutd_tottenham,h2_chunk_005,1045,267.04010009765625,793.029541015625,114.0,14.25,12.666666666666666
manutd_tottenham,h2_chunk_005,1170,828.82275390625,840.7922973632812,117.0,14.625,13.0
manutd_tottenham,h2_chunk_005,1215,1228.17724609375,893.1038208007812,123.0,15.375,13.666666666666666
manutd_tottenham,h2_chunk_005,1245,822.614501953125,740.0126953125,109.0,13.625,12.11111111111111
manutd_tottenham,h2_chunk_005,1305,666.0598754882812,709.1105346679688,106.0,13.25,11.777777777777777
manutd_tottenham,h2_chunk_005,1400,423.29437255859375,657.0250854492188,101.0,12.625,11.222222222222221
manutd_tottenham,h2_chunk_005,1410,829.1072998046875,634.31884765625,98.0,12.25,10.888888888888888
manutd_tottenham,h2_chunk_005,1475,640.8825073242188,617.9223022460938,96.0,12.0,10.666666666666666
manutd_tottenham,h2_chunk_005,1510,803.4144287109375,796.0197143554688,114.0,14.25,12.666666666666666
manutd_tottenham,h2_chunk_005,2390,644.4755859375,659.5469970703125,100.0,12.5,11.11111111111111
manutd_tottenham,h2_chunk_005,2445,722.8079833984375,647.98388671875,99.0,12.375,11.0
manutd_tottenham,h2_chunk_005,2540,708.054443359375,620.1802978515625,97.0,12.125,10.777777777777777
manutd_tottenham,h2_chunk_005,2770,1466.66162109375,904.9826049804688,123.0,15.375,13.666666666666666
manutd_brighton,h1_chunk_000,845,490.5872497558594,346.738037109375,71.0,8.875,7.888888888888888
manutd_brighton,h1_chunk_000,1080,490.2978515625,529.7020263671875,88.0,11.0,9.777777777777777
manutd_brighton,h1_chunk_000,1115,251.27114868164062,843.5355834960938,118.0,14.75,13.11111111111111
manutd_brighton,h1_chunk_000,1355,756.0589599609375,825.6702270507812,116.0,14.5,12.888888888888888
manutd_brighton,h1_chunk_000,1700,817.8045654296875,493.4676208496094,85.0,10.625,9.444444444444445
manutd_brighton,h1_chunk_000,1765,815.3939819335938,369.0015563964844,73.0,9.125,8.11111111111111
manutd_brighton,h1_chunk_000,1905,899.3351440429688,332.3852233886719,69.0,8.625,7.666666666666666
manutd_brighton,h1_chunk_000,2835,848.1725463867188,322.0789489746094,69.0,8.625,7.666666666666666
manutd_brighton,h1_chunk_000,2915,539.4754028320312,479.0981750488281,84.0,10.5,9.333333333333332
manutd_brighton,h1_chunk_000,4050,1130.924072265625,372.7872314453125,73.0,9.125,8.11111111111111
manutd_brighton,h1_chunk_000,4290,1405.272705078125,651.282470703125,100.0,12.5,11.11111111111111
manutd_brighton,h1_chunk_000,4495,950.2142333984375,346.6297607421875,71.0,8.875,7.888888888888888
manutd_brighton,h1_chunk_000,5145,639.4917602539062,781.8716430664062,112.0,14.0,12.444444444444443
manutd_brighton,h1_chunk_000,5390,1443.1884765625,437.6914367675781,79.0,9.875,8.777777777777777
manutd_brighton,h1_chunk_000,5505,1603.4842529296875,481.7423400878906,83.0,10.375,9.222222222222221
manutd_brighton,h1_chunk_000,5935,1277.969482421875,518.4630737304688,87.0,10.875,9.666666666666666
manutd_brighton,h1_chunk_000,6190,1271.25,356.7386779785156,71.0,8.875,7.888888888888888
manutd_brighton,h1_chunk_000,6260,1410.43212890625,478.8677062988281,83.0,10.375,9.222222222222221
manutd_brighton,h1_chunk_000,8740,704.9285278320312,313.8831481933594,67.0,8.375,7.444444444444444
manutd_brighton,h1_chunk_000,8855,665.6963500976562,459.74114990234375,81.0,10.125,9.0
manutd_brighton,h1_chunk_000,9620,1467.31591796875,540.8101806640625,89.0,11.125,9.888888888888888
manutd_brighton,h1_chunk_000,10160,1648.409912109375,628.5174560546875,97.0,12.125,10.777777777777777
manutd_brighton,h1_chunk_000,11315,781.212646484375,613.2197875976562,96.0,12.0,10.666666666666666
manutd_brighton,h1_chunk_000,11420,1254.553466796875,698.6076049804688,104.0,13.0,11.555555555555555
manutd_brighton,h1_chunk_000,11660,392.6419677734375,594.185302734375,95.0,11.875,10.555555555555555
manutd_brighton,h1_chunk_000,12260,794.3908081054688,480.1342468261719,84.0,10.5,9.333333333333332
manutd_brighton,h1_chunk_000,12360,1013.53759765625,401.46746826171875,76.0,9.5,8.444444444444445
manutd_brighton,h1_chunk_000,12970,444.59881591796875,686.7456665039062,103.0,12.875,11.444444444444445
manutd_brighton,h1_chunk_000,13165,635.091064453125,528.2503662109375,88.0,11.0,9.777777777777777
manutd_brighton,h1_chunk_000,13310,1219.4091796875,931.555419921875,126.0,15.75,14.0
manutd_brighton,h1_chunk_000,13370,362.85784912109375,781.8744506835938,112.0,14.0,12.444444444444443
manutd_brighton,h1_chunk_000,13490,439.7124938964844,452.9729919433594,80.0,10.0,8.88888888888889
manutd_brighton,h1_chunk_000,13625,532.771484375,700.332275390625,104.0,13.0,11.555555555555555
manutd_brighton,h1_chunk_000,13700,447.1241455078125,449.0542297363281,81.0,10.125,9.0
manutd_brighton,h1_chunk_000,13940,1139.529052734375,492.79095458984375,84.0,10.5,9.333333333333332
manutd_brighton,h1_chunk_000,13970,924.118408203125,692.3029174804688,104.0,13.0,11.555555555555555
manutd_brighton,h1_chunk_000,14010,525.2509765625,833.5944213867188,117.0,14.625,13.0
manutd_brighton,h1_chunk_000,14265,1390.3494873046875,522.0499877929688,88.0,11.0,9.777777777777777
manutd_brighton,h1_chunk_000,14340,941.9580688476562,688.802978515625,103.0,12.875,11.444444444444445
manutd_brighton,h1_chunk_000,14450,1245.9776611328125,920.6315307617188,125.0,15.625,13.888888888888888
manutd_brighton,h1_chunk_000,14560,1571.793212890625,577.8594970703125,92.0,11.5,10.222222222222221
manutd_brighton,h1_chunk_000,14820,1142.878662109375,351.0557556152344,72.0,9.0,8.0
manutd_brighton,h1_chunk_000,14940,431.7103271484375,472.61676025390625,83.0,10.375,9.222222222222221
manutd_brighton,h1_chunk_001,90,973.102783203125,584.7181396484375,93.0,11.625,10.333333333333332
manutd_brighton,h1_chunk_001,435,782.6220703125,467.2010803222656,82.0,10.25,9.11111111111111
manutd_brighton,h1_chunk_001,495,695.5523681640625,325.6224060058594,69.0,8.625,7.666666666666666
manutd_brighton,h1_chunk_001,760,304.7567138671875,440.2952880859375,80.0,10.0,8.88888888888889
manutd_brighton,h1_chunk_001,865,727.0078125,280.8101501464844,64.0,8.0,7.111111111111111
manutd_brighton,h1_chunk_001,1040,930.7286376953125,501.1868591308594,86.0,10.75,9.555555555555555
manutd_brighton,h1_chunk_001,1165,399.5892333984375,698.0096435546875,105.0,13.125,11.666666666666666
manutd_brighton,h1_chunk_001,3405,948.3643798828125,612.2174072265625,96.0,12.0,10.666666666666666
manutd_brighton,h1_chunk_001,3435,1167.3109130859375,492.69061279296875,84.0,10.5,9.333333333333332
manutd_brighton,h1_chunk_001,3885,1508.54736328125,721.7301635742188,106.0,13.25,11.777777777777777
manutd_brighton,h1_chunk_001,4215,1329.843505859375,358.6852722167969,72.0,9.0,8.0
manutd_brighton,h1_chunk_001,4945,785.9462890625,467.4593505859375,82.0,10.25,9.11111111111111
manutd_brighton,h1_chunk_001,4985,1109.078369140625,320.9708557128906,68.0,8.5,7.555555555555555
manutd_brighton,h1_chunk_001,5875,718.6927490234375,393.08270263671875,76.0,9.5,8.444444444444445
manutd_brighton,h1_chunk_001,6000,725.52001953125,357.81103515625,71.0,8.875,7.888888888888888
manutd_brighton,h1_chunk_001,6085,410.10418701171875,444.4333801269531,80.0,10.0,8.88888888888889
manutd_brighton,h1_chunk_001,6250,1086.97607421875,801.8176879882812,114.0,14.25,12.666666666666666
manutd_brighton,h1_chunk_001,6295,798.400146484375,555.2344970703125,91.0,11.375,10.11111111111111
manutd_brighton,h1_chunk_001,6650,827.797119140625,419.3685607910156,78.0,9.75,8.666666666666666
manutd_brighton,h1_chunk_001,6765,827.6226806640625,366.8459167480469,72.0,9.0,8.0
manutd_brighton,h1_chunk_001,6820,517.4485473632812,448.4181213378906,80.0,10.0,8.88888888888889
manutd_brighton,h1_chunk_001,6950,689.6724853515625,916.1480102539062,125.0,15.625,13.888888888888888
manutd_brighton,h1_chunk_001,7005,636.2325439453125,658.4814453125,100.0,12.5,11.11111111111111
manutd_brighton,h1_chunk_001,7035,1252.60986328125,443.606201171875,80.0,10.0,8.88888888888889
manutd_brighton,h1_chunk_001,7330,1004.3419189453125,734.080810546875,108.0,13.5,12.0
manutd_brighton,h1_chunk_001,7505,574.009033203125,904.911376953125,123.0,15.375,13.666666666666666
manutd_brighton,h1_chunk_001,7630,575.36962890625,491.41015625,85.0,10.625,9.444444444444445
manutd_brighton,h1_chunk_001,7870,1409.3759765625,315.6404113769531,68.0,8.5,7.555555555555555
manutd_brighton,h1_chunk_001,8095,1604.5328369140625,406.0877380371094,77.0,9.625,8.555555555555555
manutd_brighton,h1_chunk_001,8410,1350.174072265625,504.820556640625,85.0,10.625,9.444444444444445
manutd_brighton,h1_chunk_001,9230,916.9465942382812,675.219970703125,102.0,12.75,11.333333333333332
manutd_brighton,h1_chunk_001,9440,866.246337890625,572.208984375,92.0,11.5,10.222222222222221
manutd_brighton,h1_chunk_001,9645,1446.11376953125,526.421630859375,88.0,11.0,9.777777777777777
manutd_brighton,h1_chunk_001,9710,570.828857421875,602.5509643554688,95.0,11.875,10.555555555555555
manutd_brighton,h1_chunk_001,9855,505.82818603515625,510.5154113769531,86.0,10.75,9.555555555555555
manutd_brighton,h1_chunk_001,10060,1464.5740966796875,655.7605590820312,100.0,12.5,11.11111111111111
manutd_brighton,h1_chunk_001,10115,1364.6868896484375,729.775634765625,107.0,13.375,11.888888888888888
manutd_brighton,h1_chunk_001,10215,1361.3018798828125,606.1122436523438,96.0,12.0,10.666666666666666
manutd_brighton,h1_chunk_001,11300,1266.6806640625,443.1007385253906,80.0,10.0,8.88888888888889
manutd_brighton,h1_chunk_001,11485,1335.5357666015625,638.3729248046875,99.0,12.375,11.0
manutd_brighton,h1_chunk_001,11725,969.166259765625,514.9844360351562,86.0,10.75,9.555555555555555
manutd_brighton,h1_chunk_001,11770,448.3157958984375,674.217529296875,102.0,12.75,11.333333333333332
manutd_brighton,h1_chunk_001,11800,290.00872802734375,573.4701538085938,92.0,11.5,10.222222222222221
manutd_brighton,h1_chunk_001,11910,571.175048828125,431.63494873046875,79.0,9.875,8.777777777777777
manutd_brighton,h1_chunk_001,12335,279.4208679199219,508.8095397949219,86.0,10.75,9.555555555555555
manutd_brighton,h1_chunk_001,12395,239.8743133544922,839.3975219726562,118.0,14.75,13.11111111111111
manutd_brighton,h1_chunk_001,12480,1361.6015625,960.8247680664062,129.0,16.125,14.333333333333332
manutd_brighton,h1_chunk_001,12620,353.3976745605469,492.051513671875,85.0,10.625,9.444444444444445
manutd_brighton,h1_chunk_001,12685,649.95751953125,314.0644226074219,68.0,8.5,7.555555555555555
manutd_brighton,h1_chunk_001,12825,386.62298583984375,323.362548828125,69.0,8.625,7.666666666666666
manutd_brighton,h1_chunk_001,13020,320.51318359375,428.5536804199219,78.0,9.75,8.666666666666666
manutd_brighton,h1_chunk_001,13260,1405.9375,868.2845458984375,121.0,15.125,13.444444444444443
manutd_brighton,h1_chunk_001,13340,1243.587158203125,870.004150390625,121.0,15.125,13.444444444444443
manutd_brighton,h1_chunk_001,13495,810.9666748046875,749.1510009765625,109.0,13.625,12.11111111111111
manutd_brighton,h1_chunk_001,13770,818.5150146484375,313.7354736328125,67.0,8.375,7.444444444444444
manutd_brighton,h1_chunk_001,13820,474.76641845703125,351.0035400390625,72.0,9.0,8.0
manutd_brighton,h1_chunk_001,13925,371.7606506347656,390.8849182128906,75.0,9.375,8.333333333333332
manutd_brighton,h1_chunk_001,14070,1013.7788696289062,380.39501953125,74.0,9.25,8.222222222222221
manutd_brighton,h1_chunk_001,14345,714.567138671875,575.3513793945312,93.0,11.625,10.333333333333332
manutd_brighton,h1_chunk_001,14360,414.4970703125,671.80615234375,101.0,12.625,11.222222222222221
manutd_brighton,h1_chunk_001,14645,1128.15625,930.0293579101562,127.0,15.875,14.11111111111111
manutd_brighton,h1_chunk_002,4645,977.0,440.8385314941406,79.0,9.875,8.777777777777777
manutd_brighton,h1_chunk_002,4730,1428.5645751953125,575.760986328125,92.0,11.5,10.222222222222221
manutd_brighton,h1_chunk_002,5070,908.0234375,697.442626953125,104.0,13.0,11.555555555555555
manutd_brighton,h1_chunk_002,5350,1377.2537841796875,707.3630981445312,105.0,13.125,11.666666666666666
manutd_brighton,h1_chunk_002,5835,1092.299072265625,546.2147216796875,90.0,11.25,10.0
manutd_brighton,h1_chunk_002,5910,1115.343994140625,423.2322998046875,78.0,9.75,8.666666666666666
manutd_brighton,h1_chunk_002,6235,1154.5509033203125,391.2398681640625,75.0,9.375,8.333333333333332
manutd_brighton,h1_chunk_002,6720,1251.3316650390625,731.0045166015625,108.0,13.5,12.0
manutd_brighton,h1_chunk_002,6790,1139.8798828125,607.832275390625,95.0,11.875,10.555555555555555
manutd_brighton,h1_chunk_002,7560,759.7930908203125,748.8689575195312,109.0,13.625,12.11111111111111
manutd_brighton,h1_chunk_002,9100,1159.975341796875,380.9579772949219,74.0,9.25,8.222222222222221
manutd_brighton,h1_chunk_002,10310,1518.5623779296875,638.3414916992188,99.0,12.375,11.0
manutd_brighton,h1_chunk_002,11615,1148.863037109375,510.7269592285156,86.0,10.75,9.555555555555555
manutd_brighton,h1_chunk_002,11655,1089.521240234375,358.87188720703125,72.0,9.0,8.0
manutd_brighton,h1_chunk_002,11790,1371.6151123046875,645.5030517578125,99.0,12.375,11.0
manutd_brighton,h1_chunk_002,11830,539.3563232421875,617.7987670898438,96.0,12.0,10.666666666666666
manutd_brighton,h1_chunk_002,13685,1471.1541748046875,883.221435546875,122.0,15.25,13.555555555555555
manutd_brighton,h1_chunk_002,13950,934.280029296875,323.9365234375,68.0,8.5,7.555555555555555
manutd_brighton,h1_chunk_002,14020,988.310302734375,337.78704833984375,70.0,8.75,7.777777777777778
manutd_brighton,h1_chunk_002,14065,547.1282958984375,367.9201965332031,72.0,9.0,8.0
manutd_brighton,h1_chunk_002,14315,846.0806884765625,373.8548583984375,73.0,9.125,8.11111111111111
manutd_brighton,h1_chunk_002,14485,817.40234375,385.37139892578125,75.0,9.375,8.333333333333332
manutd_brighton,h1_chunk_002,14515,1013.6636962890625,457.97637939453125,81.0,10.125,9.0
manutd_brighton,h1_chunk_003,60,1573.4462890625,697.15380859375,104.0,13.0,11.555555555555555
manutd_brighton,h1_chunk_003,155,1374.494384765625,405.2012023925781,77.0,9.625,8.555555555555555
manutd_brighton,h1_chunk_003,310,995.660888671875,354.5505065917969,71.0,8.875,7.888888888888888
manutd_brighton,h1_chunk_003,675,1556.989501953125,497.28814697265625,85.0,10.625,9.444444444444445
manutd_brighton,h1_chunk_003,830,1282.054443359375,579.20458984375,93.0,11.625,10.333333333333332
manutd_brighton,h1_chunk_003,865,1350.984130859375,623.855224609375,97.0,12.125,10.777777777777777
manutd_brighton,h1_chunk_003,885,1222.701416015625,575.0869750976562,93.0,11.625,10.333333333333332
manutd_brighton,h1_chunk_003,1170,1049.230712890625,350.4564208984375,71.0,8.875,7.888888888888888
manutd_brighton,h1_chunk_003,1230,1817.482666015625,402.7754211425781,76.0,9.5,8.444444444444445
manutd_brighton,h1_chunk_003,1285,1509.73193359375,491.73992919921875,84.0,10.5,9.333333333333332
manutd_brighton,h1_chunk_003,1390,1600.7945556640625,713.7337036132812,105.0,13.125,11.666666666666666
manutd_brighton,h1_chunk_003,1555,1173.658935546875,586.5512084960938,93.0,11.625,10.333333333333332
manutd_brighton,h1_chunk_003,1580,726.2911376953125,655.6585693359375,100.0,12.5,11.11111111111111
manutd_brighton,h1_chunk_003,1625,1091.8173828125,898.6979370117188,123.0,15.375,13.666666666666666
manutd_brighton,h1_chunk_003,1755,1104.9622802734375,833.7974243164062,117.0,14.625,13.0
manutd_brighton,h1_chunk_003,1920,1197.980224609375,641.914794921875,98.0,12.25,10.888888888888888
manutd_brighton,h1_chunk_003,2015,1000.8442993164062,549.7821655273438,90.0,11.25,10.0
manutd_brighton,h1_chunk_003,2050,501.56060791015625,615.5642700195312,96.0,12.0,10.666666666666666
manutd_brighton,h1_chunk_003,2105,616.5206298828125,490.6638488769531,84.0,10.5,9.333333333333332
manutd_brighton,h1_chunk_003,2165,579.9932861328125,378.9537048339844,73.0,9.125,8.11111111111111
manutd_brighton,h1_chunk_003,2420,769.5721435546875,722.51171875,106.0,13.25,11.777777777777777
manutd_brighton,h1_chunk_003,2485,478.6282958984375,825.5762329101562,116.0,14.5,12.888888888888888
manutd_brighton,h1_chunk_003,2565,1364.748779296875,836.1358032226562,118.0,14.75,13.11111111111111
manutd_brighton,h1_chunk_003,2700,1148.7249755859375,573.1625366210938,93.0,11.625,10.333333333333332
manutd_brighton,h1_chunk_003,2775,1530.16796875,788.1520385742188,113.0,14.125,12.555555555555555
manutd_brighton,h1_chunk_003,2955,1070.748046875,341.77581787109375,70.0,8.75,7.777777777777778
manutd_brighton,h1_chunk_003,3095,1217.25244140625,390.2008361816406,75.0,9.375,8.333333333333332
manutd_brighton,h1_chunk_003,3630,1393.2376708984375,720.474853515625,106.0,13.25,11.777777777777777
manutd_brighton,h1_chunk_003,5090,1005.610107421875,322.0208740234375,69.0,8.625,7.666666666666666
manutd_brighton,h1_chunk_003,5200,838.13916015625,411.2810363769531,77.0,9.625,8.555555555555555
manutd_brighton,h1_chunk_003,5250,368.29656982421875,463.4960021972656,82.0,10.25,9.11111111111111
manutd_brighton,h1_chunk_003,5315,727.3111572265625,326.2333984375,69.0,8.625,7.666666666666666
manutd_brighton,h1_chunk_003,5410,1674.246826171875,531.7073974609375,88.0,11.0,9.777777777777777
manutd_brighton,h1_chunk_003,5530,403.04388427734375,396.3571472167969,76.0,9.5,8.444444444444445
manutd_brighton,h1_chunk_003,5800,541.171630859375,365.9814758300781,72.0,9.0,8.0
manutd_brighton,h1_chunk_003,5825,577.9791259765625,358.57513427734375,72.0,9.0,8.0
manutd_brighton,h1_chunk_003,6895,1326.9730224609375,433.234375,79.0,9.875,8.777777777777777
manutd_brighton,h1_chunk_003,7020,967.5881958007812,336.19268798828125,70.0,8.75,7.777777777777778
manutd_brighton,h1_chunk_003,7215,1062.236572265625,403.5557556152344,76.0,9.5,8.444444444444445
manutd_brighton,h1_chunk_003,7545,1326.6478271484375,475.7702941894531,83.0,10.375,9.222222222222221
manutd_brighton,h1_chunk_003,8440,928.23974609375,615.1123657226562,97.0,12.125,10.777777777777777
manutd_brighton,h1_chunk_003,8505,1386.10400390625,511.11920166015625,87.0,10.875,9.666666666666666
manutd_brighton,h1_chunk_003,8555,1661.469482421875,700.48486328125,104.0,13.0,11.555555555555555
manutd_brighton,h1_chunk_003,8585,955.0113525390625,613.4025268554688,96.0,12.0,10.666666666666666
manutd_brighton,h1_chunk_003,8865,1207.482421875,329.1352844238281,69.0,8.625,7.666666666666666
manutd_brighton,h1_chunk_003,8970,1648.095703125,449.36383056640625,81.0,10.125,9.0
manutd_brighton,h1_chunk_003,9140,1547.317138671875,620.7506103515625,97.0,12.125,10.777777777777777
manutd_brighton,h1_chunk_003,9215,1693.7490234375,688.9693603515625,103.0,12.875,11.444444444444445
manutd_brighton,h1_chunk_003,9505,1294.599365234375,724.4335327148438,107.0,13.375,11.888888888888888
manutd_brighton,h1_chunk_003,9570,1419.6810302734375,893.8792114257812,122.0,15.25,13.555555555555555
manutd_brighton,h1_chunk_003,9610,444.901123046875,666.432373046875,101.0,12.625,11.222222222222221
manutd_brighton,h1_chunk_003,9620,917.3930053710938,786.6270141601562,112.0,14.0,12.444444444444443
manutd_brighton,h1_chunk_003,9650,1037.567626953125,661.465576171875,101.0,12.625,11.222222222222221
manutd_brighton,h1_chunk_003,9780,557.2628173828125,626.45703125,97.0,12.125,10.777777777777777
manutd_brighton,h1_chunk_003,9850,1040.626953125,375.20562744140625,74.0,9.25,8.222222222222221
manutd_brighton,h1_chunk_003,9965,505.8717041015625,605.8200073242188,95.0,11.875,10.555555555555555
manutd_brighton,h1_chunk_003,10675,833.0892333984375,762.1566162109375,111.0,13.875,12.333333333333332
manutd_brighton,h1_chunk_003,10720,572.318603515625,1003.6611938476562,133.0,16.625,14.777777777777777
manutd_brighton,h1_chunk_003,11110,1018.294189453125,332.23291015625,70.0,8.75,7.777777777777778
manutd_brighton,h1_chunk_003,11165,1021.058837890625,425.7496643066406,78.0,9.75,8.666666666666666
manutd_brighton,h1_chunk_003,11420,413.11407470703125,716.271728515625,106.0,13.25,11.777777777777777
manutd_brighton,h1_chunk_003,12345,1180.685791015625,683.3399047851562,103.0,12.875,11.444444444444445
manutd_brighton,h1_chunk_003,12435,860.7969970703125,609.6550903320312,96.0,12.0,10.666666666666666
manutd_brighton,h1_chunk_003,12565,1387.4725341796875,428.8299865722656,78.0,9.75,8.666666666666666
manutd_brighton,h1_chunk_003,12715,916.9072265625,481.7369689941406,83.0,10.375,9.222222222222221
manutd_brighton,h1_chunk_003,13950,594.9569091796875,574.7954711914062,92.0,11.5,10.222222222222221
manutd_brighton,h1_chunk_003,14050,962.060791015625,396.5234069824219,75.0,9.375,8.333333333333332
manutd_brighton,h1_chunk_003,14290,1055.30517578125,354.5555419921875,71.0,8.875,7.888888888888888
manutd_brighton,h1_chunk_003,14350,890.1754760742188,455.9338073730469,81.0,10.125,9.0
manutd_brighton,h1_chunk_004,360,1405.2264404296875,559.875732421875,91.0,11.375,10.11111111111111
manutd_brighton,h1_chunk_004,445,1493.6971435546875,780.2171020507812,112.0,14.0,12.444444444444443
manutd_brighton,h1_chunk_004,705,1268.146728515625,558.2905883789062,91.0,11.375,10.11111111111111
manutd_brighton,h1_chunk_004,845,1294.1121826171875,656.133544921875,100.0,12.5,11.11111111111111
manutd_brighton,h1_chunk_004,940,1380.842529296875,493.4847717285156,85.0,10.625,9.444444444444445
manutd_brighton,h1_chunk_004,1370,1026.102783203125,703.3987426757812,105.0,13.125,11.666666666666666
manutd_brighton,h1_chunk_004,1405,849.3944091796875,760.7239990234375,110.0,13.75,12.222222222222221
manutd_brighton,h1_chunk_004,1515,658.9703369140625,908.8314208984375,124.0,15.5,13.777777777777777
manutd_brighton,h1_chunk_004,1840,1273.378173828125,512.9496459960938,86.0,10.75,9.555555555555555
manutd_brighton,h1_chunk_004,2005,1313.21484375,488.796875,84.0,10.5,9.333333333333332
manutd_brighton,h1_chunk_004,2190,1151.9571533203125,934.4912719726562,127.0,15.875,14.11111111111111
manutd_brighton,h1_chunk_004,2325,1375.5321044921875,659.6104736328125,100.0,12.5,11.11111111111111
manutd_brighton,h1_chunk_004,2415,1399.37255859375,687.705322265625,103.0,12.875,11.444444444444445
manutd_brighton,h1_chunk_004,2465,908.384521484375,827.7565307617188,116.0,14.5,12.888888888888888
manutd_brighton,h1_chunk_004,3075,794.1154174804688,472.2184753417969,83.0,10.375,9.222222222222221
manutd_brighton,h1_chunk_004,3280,682.0535278320312,861.5594482421875,120.0,15.0,13.333333333333332
manutd_brighton,h1_chunk_004,3530,1088.6328125,362.5910339355469,72.0,9.0,8.0
manutd_brighton,h1_chunk_004,5470,1326.58251953125,387.04345703125,75.0,9.375,8.333333333333332
manutd_brighton,h1_chunk_004,6985,632.59619140625,395.3949890136719,75.0,9.375,8.333333333333332
manutd_brighton,h1_chunk_004,7230,491.46990966796875,389.9012451171875,74.0,9.25,8.222222222222221
manutd_brighton,h1_chunk_004,8600,1394.845947265625,671.2100219726562,102.0,12.75,11.333333333333332
manutd_brighton,h1_chunk_004,10125,1095.2236328125,459.124267578125,82.0,10.25,9.11111111111111
manutd_brighton,h1_chunk_004,10165,1323.325927734375,510.84490966796875,86.0,10.75,9.555555555555555
manutd_brighton,h1_chunk_004,10260,1227.13232421875,419.954833984375,77.0,9.625,8.555555555555555
manutd_brighton,h1_chunk_004,12235,249.33544921875,757.78759765625,110.0,13.75,12.222222222222221
manutd_brighton,h1_chunk_004,12325,1005.3195190429688,415.7444763183594,77.0,9.625,8.555555555555555
manutd_brighton,h1_chunk_004,12445,1325.2886962890625,395.7478332519531,75.0,9.375,8.333333333333332
manutd_brighton,h1_chunk_004,12480,861.24365234375,397.2480773925781,76.0,9.5,8.444444444444445
manutd_brighton,h1_chunk_004,12515,829.1541748046875,393.9610900878906,75.0,9.375,8.333333333333332
manutd_brighton,h1_chunk_004,12575,398.002685546875,529.30078125,88.0,11.0,9.777777777777777
manutd_brighton,h1_chunk_004,12655,298.30438232421875,807.4147338867188,115.0,14.375,12.777777777777777
manutd_brighton,h1_chunk_004,12715,672.597412109375,742.2813110351562,109.0,13.625,12.11111111111111
manutd_brighton,h1_chunk_004,12755,1008.3267211914062,574.5258178710938,92.0,11.5,10.222222222222221
manutd_brighton,h1_chunk_004,12785,992.8629150390625,480.1227722167969,84.0,10.5,9.333333333333332
manutd_brighton,h1_chunk_004,13005,483.09063720703125,380.23931884765625,74.0,9.25,8.222222222222221
manutd_brighton,h1_chunk_004,13040,306.741943359375,373.9769592285156,73.0,9.125,8.11111111111111
manutd_brighton,h1_chunk_004,13110,587.9605712890625,288.0408935546875,66.0,8.25,7.333333333333333
manutd_brighton,h1_chunk_004,13145,342.2742919921875,368.64874267578125,73.0,9.125,8.11111111111111
manutd_brighton,h1_chunk_004,13220,443.7904052734375,498.2524719238281,85.0,10.625,9.444444444444445
manutd_brighton,h1_chunk_004,13300,604.8438720703125,722.64599609375,106.0,13.25,11.777777777777777
manutd_brighton,h2_chunk_000,230,963.986572265625,349.32745361328125,71.0,8.875,7.888888888888888
manutd_brighton,h2_chunk_000,335,1035.0482177734375,555.3405151367188,91.0,11.375,10.11111111111111
manutd_brighton,h2_chunk_000,595,638.3250732421875,434.2636413574219,79.0,9.875,8.777777777777777
manutd_brighton,h2_chunk_000,1455,1423.4244384765625,652.7064819335938,100.0,12.5,11.11111111111111
manutd_brighton,h2_chunk_000,2545,878.268310546875,296.3854675292969,66.0,8.25,7.333333333333333
manutd_brighton,h2_chunk_000,2595,1320.6978759765625,386.68829345703125,74.0,9.25,8.222222222222221
manutd_brighton,h2_chunk_000,2860,1484.373779296875,499.1909484863281,86.0,10.75,9.555555555555555
manutd_brighton,h2_chunk_000,3010,1179.71630859375,371.87530517578125,73.0,9.125,8.11111111111111
manutd_brighton,h2_chunk_000,3065,1701.465087890625,510.589111328125,86.0,10.75,9.555555555555555
manutd_brighton,h2_chunk_000,3125,1360.1209716796875,376.267822265625,74.0,9.25,8.222222222222221
manutd_brighton,h2_chunk_000,3395,1162.7899169921875,464.0288391113281,82.0,10.25,9.11111111111111
manutd_brighton,h2_chunk_000,4375,361.78546142578125,785.9562377929688,112.0,14.0,12.444444444444443
manutd_brighton,h2_chunk_000,4410,1045.78369140625,861.323486328125,120.0,15.0,13.333333333333332
manutd_brighton,h2_chunk_000,5015,718.14404296875,840.1199951171875,118.0,14.75,13.11111111111111
manutd_brighton,h2_chunk_000,5450,619.4808349609375,417.02044677734375,78.0,9.75,8.666666666666666
manutd_brighton,h2_chunk_000,5520,1035.9356689453125,368.0472106933594,73.0,9.125,8.11111111111111
manutd_brighton,h2_chunk_000,5800,1179.958740234375,361.8998718261719,72.0,9.0,8.0
manutd_brighton,h2_chunk_000,6110,660.5982666015625,793.1705932617188,113.0,14.125,12.555555555555555
manutd_brighton,h2_chunk_000,6180,248.68084716796875,513.8280639648438,86.0,10.75,9.555555555555555
manutd_brighton,h2_chunk_000,6230,389.28033447265625,736.5064697265625,108.0,13.5,12.0
manutd_brighton,h2_chunk_000,6395,669.2105102539062,377.5953369140625,74.0,9.25,8.222222222222221
manutd_brighton,h2_chunk_000,6625,818.393310546875,325.6755065917969,69.0,8.625,7.666666666666666
manutd_brighton,h2_chunk_000,6855,573.330322265625,336.94842529296875,69.0,8.625,7.666666666666666
manutd_brighton,h2_chunk_000,7070,714.9633178710938,643.095458984375,99.0,12.375,11.0
manutd_brighton,h2_chunk_000,7085,901.8460693359375,558.1793212890625,91.0,11.375,10.11111111111111
manutd_brighton,h2_chunk_000,7135,872.1522216796875,557.2067260742188,91.0,11.375,10.11111111111111
manutd_brighton,h2_chunk_000,7195,629.986572265625,909.3644409179688,124.0,15.5,13.777777777777777
manutd_brighton,h2_chunk_000,7225,1498.5882568359375,783.5908203125,112.0,14.0,12.444444444444443
manutd_brighton,h2_chunk_000,9035,680.3800048828125,769.5081176757812,111.0,13.875,12.333333333333332
manutd_brighton,h2_chunk_000,14845,776.576416015625,347.63006591796875,71.0,8.875,7.888888888888888
manutd_brighton,h2_chunk_001,100,720.9249267578125,365.2118225097656,73.0,9.125,8.11111111111111
manutd_brighton,h2_chunk_001,165,242.05184936523438,541.6124877929688,89.0,11.125,9.888888888888888
manutd_brighton,h2_chunk_001,225,963.01123046875,305.4378662109375,67.0,8.375,7.444444444444444
manutd_brighton,h2_chunk_001,495,1115.0042724609375,367.5950927734375,73.0,9.125,8.11111111111111
manutd_brighton,h2_chunk_001,560,859.61181640625,426.01605224609375,79.0,9.875,8.777777777777777
manutd_brighton,h2_chunk_001,690,670.4002685546875,723.3817749023438,107.0,13.375,11.888888888888888
manutd_brighton,h2_chunk_001,800,1573.83203125,569.1505737304688,92.0,11.5,10.222222222222221
manutd_brighton,h2_chunk_001,860,1278.470947265625,645.9552612304688,99.0,12.375,11.0
manutd_brighton,h2_chunk_001,1485,1048.221923828125,351.8462219238281,71.0,8.875,7.888888888888888
manutd_brighton,h2_chunk_001,1780,1025.967529296875,607.3145751953125,96.0,12.0,10.666666666666666
manutd_brighton,h2_chunk_001,1935,1063.021240234375,626.81298828125,97.0,12.125,10.777777777777777
manutd_brighton,h2_chunk_001,2125,567.3451538085938,570.0562133789062,92.0,11.5,10.222222222222221
manutd_brighton,h2_chunk_001,2195,806.9036865234375,603.5145263671875,95.0,11.875,10.555555555555555
manutd_brighton,h2_chunk_001,2330,476.57220458984375,705.0243530273438,105.0,13.125,11.666666666666666
manutd_brighton,h2_chunk_001,2520,934.2449951171875,589.0128784179688,94.0,11.75,10.444444444444445
manutd_brighton,h2_chunk_001,3685,432.5716552734375,962.3543090820312,129.0,16.125,14.333333333333332
manutd_brighton,h2_chunk_001,4810,1036.870849609375,344.5623779296875,70.0,8.75,7.777777777777778
manutd_brighton,h2_chunk_001,4835,1236.6873779296875,419.13934326171875,78.0,9.75,8.666666666666666
manutd_brighton,h2_chunk_001,4895,1223.00537109375,373.1384582519531,74.0,9.25,8.222222222222221
manutd_brighton,h2_chunk_001,4975,1030.128662109375,462.0897521972656,82.0,10.25,9.11111111111111
manutd_brighton,h2_chunk_001,5340,766.4057006835938,374.9989013671875,73.0,9.125,8.11111111111111
manutd_brighton,h2_chunk_001,5475,559.9278564453125,587.3338012695312,94.0,11.75,10.444444444444445
manutd_brighton,h2_chunk_001,5550,1177.1790771484375,555.80029296875,90.0,11.25,10.0
manutd_brighton,h2_chunk_001,5725,957.1248779296875,536.737548828125,89.0,11.125,9.888888888888888
manutd_brighton,h2_chunk_001,5805,792.8707275390625,600.307373046875,95.0,11.875,10.555555555555555
manutd_brighton,h2_chunk_001,9430,819.33447265625,397.10296630859375,76.0,9.5,8.444444444444445
manutd_brighton,h2_chunk_001,9475,1014.1357421875,410.947509765625,76.0,9.5,8.444444444444445
manutd_brighton,h2_chunk_001,9795,829.28369140625,674.3876953125,102.0,12.75,11.333333333333332
manutd_brighton,h2_chunk_001,10290,1041.1446533203125,423.2815246582031,78.0,9.75,8.666666666666666
manutd_brighton,h2_chunk_001,10310,860.1552734375,460.0719299316406,82.0,10.25,9.11111111111111
manutd_brighton,h2_chunk_001,10465,1394.3487548828125,502.21990966796875,86.0,10.75,9.555555555555555
manutd_brighton,h2_chunk_001,10660,738.087158203125,818.0546264648438,116.0,14.5,12.888888888888888
manutd_brighton,h2_chunk_001,12465,356.61767578125,600.5009765625,95.0,11.875,10.555555555555555
manutd_brighton,h2_chunk_001,13180,1077.1240234375,400.8275451660156,76.0,9.5,8.444444444444445
manutd_brighton,h2_chunk_001,13230,898.6345825195312,526.9392700195312,87.0,10.875,9.666666666666666
manutd_brighton,h2_chunk_002,1010,810.79541015625,365.5793762207031,72.0,9.0,8.0
manutd_brighton,h2_chunk_002,1080,1685.7198486328125,565.24853515625,92.0,11.5,10.222222222222221
manutd_brighton,h2_chunk_002,1125,805.9498901367188,385.90966796875,74.0,9.25,8.222222222222221
manutd_brighton,h2_chunk_002,1225,703.6951904296875,363.2086181640625,73.0,9.125,8.11111111111111
manutd_brighton,h2_chunk_002,1445,1098.1009521484375,638.93017578125,98.0,12.25,10.888888888888888
manutd_brighton,h2_chunk_002,1705,383.1227111816406,544.8793334960938,89.0,11.125,9.888888888888888
manutd_brighton,h2_chunk_002,2085,914.203857421875,347.6963195800781,71.0,8.875,7.888888888888888
manutd_brighton,h2_chunk_002,2345,727.818359375,391.418212890625,75.0,9.375,8.333333333333332
manutd_brighton,h2_chunk_002,2410,625.7440185546875,392.2920837402344,75.0,9.375,8.333333333333332
manutd_brighton,h2_chunk_002,2490,795.688232421875,497.1541442871094,85.0,10.625,9.444444444444445
manutd_brighton,h2_chunk_002,5700,1478.67626953125,546.2141723632812,90.0,11.25,10.0
manutd_brighton,h2_chunk_002,9710,703.7913818359375,583.4632568359375,93.0,11.625,10.333333333333332
manutd_brighton,h2_chunk_002,9745,225.22885131835938,638.3057861328125,99.0,12.375,11.0
manutd_brighton,h2_chunk_002,9865,668.519287109375,355.5264587402344,72.0,9.0,8.0
manutd_brighton,h2_chunk_002,9935,840.697998046875,350.597900390625,71.0,8.875,7.888888888888888
manutd_brighton,h2_chunk_002,10415,990.65771484375,759.466552734375,110.0,13.75,12.222222222222221
manutd_brighton,h2_chunk_002,10705,995.8871459960938,343.847412109375,70.0,8.75,7.777777777777778
manutd_brighton,h2_chunk_002,10840,1344.5078125,568.877685546875,91.0,11.375,10.11111111111111
manutd_brighton,h2_chunk_002,11325,1138.9658203125,455.5188903808594,81.0,10.125,9.0
manutd_brighton,h2_chunk_002,11390,969.727294921875,282.42095947265625,65.0,8.125,7.222222222222221
manutd_brighton,h2_chunk_002,11570,1151.72265625,365.0757751464844,73.0,9.125,8.11111111111111
manutd_brighton,h2_chunk_002,11705,1122.98583984375,366.8783264160156,72.0,9.0,8.0
manutd_brighton,h2_chunk_002,13190,1417.463134765625,844.0289306640625,118.0,14.75,13.11111111111111
manutd_brighton,h2_chunk_002,14725,722.808349609375,615.0669555664062,97.0,12.125,10.777777777777777
manutd_brighton,h2_chunk_002,14765,788.19873046875,876.5845947265625,121.0,15.125,13.444444444444443
manutd_brighton,h2_chunk_003,1130,869.014892578125,443.2236633300781,80.0,10.0,8.88888888888889
manutd_brighton,h2_chunk_003,1570,753.472412109375,491.8049621582031,84.0,10.5,9.333333333333332
manutd_brighton,h2_chunk_003,1855,1193.12744140625,330.32403564453125,69.0,8.625,7.666666666666666
manutd_brighton,h2_chunk_003,3380,1288.7716064453125,810.6681518554688,115.0,14.375,12.777777777777777
manutd_brighton,h2_chunk_003,3545,1036.6588134765625,516.3155517578125,87.0,10.875,9.666666666666666
manutd_brighton,h2_chunk_003,3695,1002.5751342773438,359.609130859375,72.0,9.0,8.0
manutd_brighton,h2_chunk_003,4010,1020.4407958984375,410.53411865234375,77.0,9.625,8.555555555555555
manutd_brighton,h2_chunk_003,4215,1155.475830078125,341.2572326660156,70.0,8.75,7.777777777777778
manutd_brighton,h2_chunk_003,4420,1282.46875,415.9873046875,77.0,9.625,8.555555555555555
manutd_brighton,h2_chunk_003,4465,1587.068115234375,503.3980407714844,86.0,10.75,9.555555555555555
manutd_brighton,h2_chunk_003,4600,1334.652587890625,333.36102294921875,70.0,8.75,7.777777777777778
manutd_brighton,h2_chunk_003,4730,1070.800048828125,313.72637939453125,67.0,8.375,7.444444444444444
manutd_brighton,h2_chunk_003,4900,1146.97021484375,304.58282470703125,67.0,8.375,7.444444444444444
manutd_brighton,h2_chunk_003,5905,526.456298828125,453.2237854003906,81.0,10.125,9.0
manutd_brighton,h2_chunk_003,5960,705.708740234375,403.3556213378906,76.0,9.5,8.444444444444445
manutd_brighton,h2_chunk_003,7395,1407.90234375,302.96295166015625,66.0,8.25,7.333333333333333
manutd_brighton,h2_chunk_003,8340,753.4403686523438,832.9699096679688,116.0,14.5,12.888888888888888
manutd_brighton,h2_chunk_003,8545,773.45068359375,318.52099609375,68.0,8.5,7.555555555555555
manutd_brighton,h2_chunk_003,8755,1058.272216796875,301.51873779296875,66.0,8.25,7.333333333333333
manutd_brighton,h2_chunk_003,8895,1529.026123046875,500.13128662109375,86.0,10.75,9.555555555555555
manutd_brighton,h2_chunk_003,9015,1067.3572998046875,305.2118835449219,67.0,8.375,7.444444444444444
manutd_brighton,h2_chunk_003,9245,1455.108154296875,515.3260498046875,87.0,10.875,9.666666666666666
manutd_brighton,h2_chunk_003,9345,1056.94384765625,367.1329345703125,73.0,9.125,8.11111111111111
manutd_brighton,h2_chunk_003,12790,980.6634521484375,454.8713684082031,81.0,10.125,9.0
manutd_brighton,h2_chunk_003,12930,1094.2606201171875,413.8497619628906,77.0,9.625,8.555555555555555
manutd_brighton,h2_chunk_003,13010,1205.5760498046875,445.3942565917969,80.0,10.0,8.88888888888889
manutd_brighton,h2_chunk_003,13165,1027.208984375,526.5146484375,88.0,11.0,9.777777777777777
manutd_brighton,h2_chunk_003,13355,1163.1895751953125,292.22314453125,66.0,8.25,7.333333333333333
manutd_brighton,h2_chunk_003,13600,1108.6546630859375,458.210693359375,82.0,10.25,9.11111111111111
manutd_brighton,h2_chunk_003,14050,1308.0595703125,445.9040222167969,80.0,10.0,8.88888888888889
manutd_brighton,h2_chunk_004,410,620.2507934570312,643.0888671875,99.0,12.375,11.0
manutd_brighton,h2_chunk_004,540,989.7637939453125,424.2861633300781,78.0,9.75,8.666666666666666
manutd_brighton,h2_chunk_004,1725,1301.11572265625,741.5272216796875,108.0,13.5,12.0
manutd_brighton,h2_chunk_004,1750,1309.042724609375,731.6694946289062,107.0,13.375,11.888888888888888
manutd_brighton,h2_chunk_004,1790,1352.4664306640625,739.08544921875,108.0,13.5,12.0
manutd_brighton,h2_chunk_004,1820,1320.6229248046875,739.4825439453125,108.0,13.5,12.0
manutd_brighton,h2_chunk_004,3520,1157.695556640625,804.122802734375,115.0,14.375,12.777777777777777
manutd_brighton,h2_chunk_004,3865,1219.0867919921875,582.6416015625,93.0,11.625,10.333333333333332
manutd_brighton,h2_chunk_004,4060,1172.9302978515625,379.9609375,73.0,9.125,8.11111111111111
manutd_brighton,h2_chunk_004,4160,1358.7880859375,457.7098693847656,81.0,10.125,9.0
manutd_brighton,h2_chunk_004,4225,990.5115966796875,412.48394775390625,77.0,9.625,8.555555555555555
manutd_brighton,h2_chunk_004,5500,774.086181640625,799.6780395507812,114.0,14.25,12.666666666666666
manutd_brighton,h2_chunk_004,5570,1190.1240234375,784.8031005859375,112.0,14.0,12.444444444444443
manutd_brighton,h2_chunk_004,6250,696.49072265625,601.2014770507812,95.0,11.875,10.555555555555555
manutd_brighton,h2_chunk_004,6320,703.5648193359375,597.9620361328125,94.0,11.75,10.444444444444445
manutd_brighton,h2_chunk_004,7170,773.62646484375,572.6172485351562,92.0,11.5,10.222222222222221
manutd_brighton,h2_chunk_004,8275,1251.36181640625,653.7984619140625,100.0,12.5,11.11111111111111
manutd_brighton,h2_chunk_004,8420,662.993896484375,552.47509765625,90.0,11.25,10.0
manutd_brighton,h2_chunk_004,8690,564.9452514648438,795.8414306640625,113.0,14.125,12.555555555555555
manutd_brighton,h2_chunk_004,8810,1130.458251953125,890.9928588867188,122.0,15.25,13.555555555555555
manutd_brighton,h2_chunk_004,8845,892.0206298828125,643.4390869140625,99.0,12.375,11.0
manutd_brighton,h2_chunk_004,8885,707.5084838867188,561.521484375,91.0,11.375,10.11111111111111
manutd_brighton,h2_chunk_004,9700,1707.7503662109375,515.9119262695312,86.0,10.75,9.555555555555555
manutd_brighton,h2_chunk_004,9785,681.925048828125,472.0276184082031,83.0,10.375,9.222222222222221
manutd_brighton,h2_chunk_004,9945,839.615966796875,696.5108032226562,104.0,13.0,11.555555555555555
manutd_brighton,h2_chunk_004,10050,351.4134216308594,439.9029235839844,79.0,9.875,8.777777777777777
manutd_brighton,h2_chunk_004,11025,1227.266357421875,376.10467529296875,74.0,9.25,8.222222222222221
manutd_brighton,h2_chunk_004,11080,1153.64111328125,509.16729736328125,87.0,10.875,9.666666666666666
manutd_brighton,h2_chunk_004,11340,374.62188720703125,578.77978515625,93.0,11.625,10.333333333333332
manutd_brighton,h2_chunk_004,12750,812.8848266601562,637.4724731445312,98.0,12.25,10.888888888888888
manutd_brighton,h2_chunk_004,13835,456.40203857421875,759.1137084960938,110.0,13.75,12.222222222222221
manutd_brighton,h2_chunk_004,14040,1297.94091796875,535.2534790039062,89.0,11.125,9.888888888888888
manutd_brighton,h2_chunk_004,14165,974.9577026367188,509.4388427734375,86.0,10.75,9.555555555555555
manutd_brighton,h2_chunk_004,14910,1250.1793212890625,362.965576171875,72.0,9.0,8.0
manutd_brighton,h2_chunk_005,155,1545.445068359375,521.2162475585938,88.0,11.0,9.777777777777777
manutd_brighton,h2_chunk_005,250,1377.32666015625,371.25640869140625,73.0,9.125,8.11111111111111
manutd_brighton,h2_chunk_005,700,1016.8304443359375,369.3133544921875,73.0,9.125,8.11111111111111
manutd_brighton,h2_chunk_005,1015,1426.6776123046875,419.4957580566406,78.0,9.75,8.666666666666666
manutd_brighton,h2_chunk_005,1185,1245.73583984375,344.0433349609375,71.0,8.875,7.888888888888888
manutd_brighton,h2_chunk_005,3500,1287.963623046875,661.6397705078125,101.0,12.625,11.222222222222221
manutd_brighton,h2_chunk_005,3560,1640.830810546875,646.2659301757812,99.0,12.375,11.0
manutd_brighton,h2_chunk_005,3595,1375.35888671875,733.2183227539062,108.0,13.5,12.0
manutd_brighton,h2_chunk_005,3630,1253.21484375,591.1837768554688,94.0,11.75,10.444444444444445
manutd_brighton,h2_chunk_005,3885,137.6154327392578,695.95361328125,103.0,12.875,11.444444444444445
manutd_brighton,h2_chunk_005,3930,1228.012451171875,606.8344116210938,95.0,11.875,10.555555555555555
manutd_brighton,h2_chunk_005,3990,1548.457275390625,523.9945068359375,87.0,10.875,9.666666666666666
