i,box_h,pred,conf,illegible,face_px_det,face_px_geo,anchor,face,face_usable
0,110.0,33,0.3629,False,0.0,12.222222222222221,False,False,False
1,101.0,20,0.2832,False,0.0,11.222222222222221,False,False,False
2,101.0,20,0.2081,False,0.0,11.222222222222221,False,False,False
3,107.0,30,0.2764,False,0.0,11.888888888888888,False,False,False
4,103.0,20,0.288,False,0.0,11.444444444444445,False,False,False
5,103.0,-1,0.497,True,0.0,11.444444444444445,False,False,False
6,107.0,24,0.4113,False,0.0,11.888888888888888,False,False,False
7,101.0,11,0.2519,False,0.0,11.222222222222221,False,False,False
8,103.0,14,0.5246,False,0.0,11.444444444444445,False,False,False
9,106.0,31,0.6714,False,0.0,11.777777777777777,False,False,False
10,109.0,-1,0.168,True,0.0,12.11111111111111,False,False,False
11,113.0,24,0.2063,False,0.0,12.555555555555555,False,False,False
12,137.0,20,0.2137,False,0.0,15.222222222222221,False,False,False
13,143.0,20,0.2451,False,0.0,15.888888888888888,False,False,False
14,104.0,6,0.1404,False,0.0,11.555555555555555,False,False,False
15,138.0,20,0.5141,False,0.0,15.333333333333332,False,False,False
16,115.0,23,0.3099,False,0.0,12.777777777777777,False,False,False
17,141.0,20,0.6968,False,0.0,15.666666666666666,False,False,False
18,130.0,5,0.2339,False,0.0,14.444444444444443,False,False,False
19,124.0,20,0.9574,False,0.0,13.777777777777777,True,False,False
20,110.0,11,0.2158,False,0.0,12.222222222222221,False,False,False
21,132.0,-1,0.4127,True,0.0,14.666666666666666,False,False,False
22,112.0,29,0.8298,False,0.0,12.444444444444443,True,False,False
23,114.0,20,0.6752,False,0.0,12.666666666666666,False,False,False
24,126.0,-1,0.2069,True,0.0,14.0,False,False,False
25,100.0,29,0.7086,False,0.0,11.11111111111111,True,False,False
26,105.0,6,0.2637,False,0.0,11.666666666666666,False,False,False
27,103.0,33,0.2087,False,0.0,11.444444444444445,False,False,False
28,107.0,-1,0.1784,True,0.0,11.888888888888888,False,False,False
29,102.0,20,0.1713,False,15.666666666666666,11.333333333333332,False,True,False
30,106.0,30,0.291,False,0.0,11.777777777777777,False,False,False
31,104.0,29,0.6114,False,0.0,11.555555555555555,False,False,False
32,126.0,20,0.6979,False,0.0,14.0,False,False,False
33,120.0,20,0.6378,False,0.0,13.333333333333332,False,False,False
34,117.0,20,0.6565,False,0.0,13.0,False,False,False
35,101.0,29,0.4758,False,0.0,11.222222222222221,False,False,False
36,100.0,9,0.3113,False,0.0,11.11111111111111,False,False,False
37,110.0,10,0.4171,False,0.0,12.222222222222221,False,False,False
38,114.0,-1,0.1246,True,0.0,12.666666666666666,False,False,False
39,101.0,23,0.6415,False,0.0,11.222222222222221,False,False,False
40,102.0,-1,0.7972,True,0.0,11.333333333333332,False,False,False
41,113.0,-1,0.7604,True,0.0,12.555555555555555,False,False,False
42,115.0,-1,0.4908,True,0.0,12.777777777777777,False,False,False
43,106.0,24,0.4864,False,0.0,11.777777777777777,False,False,False
44,122.0,-1,0.321,True,0.0,13.555555555555555,False,False,False
45,116.0,-1,0.1817,True,0.0,12.888888888888888,False,False,False
46,103.0,-1,0.9348,True,0.0,11.444444444444445,False,False,False
47,113.0,-1,0.3611,True,0.0,12.555555555555555,False,False,False
48,107.0,11,0.6373,False,0.0,11.888888888888888,False,False,False
49,103.0,29,0.2891,False,0.0,11.444444444444445,False,False,False
50,108.0,11,0.8483,False,0.0,12.0,True,False,False
51,113.0,-1,0.2023,True,0.0,12.555555555555555,False,False,False
52,220.0,30,0.1832,False,0.0,24.444444444444443,False,False,False
53,114.0,20,0.2383,False,0.0,12.666666666666666,False,False,False
54,105.0,-1,0.3589,True,0.0,11.666666666666666,False,False,False
55,106.0,29,0.2197,False,0.0,11.777777777777777,False,False,False
56,123.0,20,0.2906,False,0.0,13.666666666666666,False,False,False
57,103.0,-1,0.6206,True,0.0,11.444444444444445,False,False,False
58,109.0,3,0.1749,False,0.0,12.11111111111111,False,False,False
59,118.0,25,0.2018,False,0.0,13.11111111111111,False,False,False
60,101.0,29,0.5055,False,0.0,11.222222222222221,False,False,False
61,114.0,20,0.7443,False,0.0,12.666666666666666,True,False,False
62,189.0,14,0.2797,False,0.0,21.0,False,False,False
63,125.0,20,0.4516,False,0.0,13.888888888888888,False,False,False
64,116.0,33,0.7243,False,0.0,12.888888888888888,True,False,False
65,105.0,20,0.3428,False,0.0,11.666666666666666,False,False,False
66,124.0,20,0.4181,False,0.0,13.777777777777777,False,False,False
67,109.0,8,0.4881,False,0.0,12.11111111111111,False,False,False
68,112.0,20,0.5092,False,0.0,12.444444444444443,False,False,False
69,109.0,33,0.222,False,0.0,12.11111111111111,False,False,False
70,148.0,-1,0.176,True,0.0,16.444444444444443,False,False,False
71,121.0,20,0.2806,False,0.0,13.444444444444443,False,False,False
72,105.0,8,0.1917,False,17.0,11.666666666666666,False,True,False
73,154.0,10,0.3148,False,0.0,17.11111111111111,False,False,False
74,104.0,10,0.2271,False,0.0,11.555555555555555,False,False,False
75,124.0,20,0.715,False,0.0,13.777777777777777,True,False,False
76,100.0,8,0.8187,False,0.0,11.11111111111111,True,False,False
77,100.0,25,0.6292,False,0.0,11.11111111111111,False,False,False
78,123.0,30,0.2748,False,0.0,13.666666666666666,False,False,False
79,144.0,9,0.1109,False,0.0,16.0,False,False,False
80,102.0,8,0.781,False,0.0,11.333333333333332,True,False,False
81,120.0,20,0.5872,False,0.0,13.333333333333332,False,False,False
82,104.0,10,0.293,False,0.0,11.555555555555555,False,False,False
83,104.0,30,0.3336,False,0.0,11.555555555555555,False,False,False
84,106.0,20,0.2034,False,0.0,11.777777777777777,False,False,False
85,106.0,24,0.2742,False,0.0,11.777777777777777,False,False,False
86,111.0,33,0.3243,False,0.0,12.333333333333332,False,False,False
87,103.0,-1,0.4092,True,0.0,11.444444444444445,False,False,False
88,113.0,20,0.2573,False,0.0,12.555555555555555,False,False,False
89,100.0,11,0.785,False,0.0,11.11111111111111,True,False,False
90,112.0,10,0.5003,False,0.0,12.444444444444443,False,False,False
91,112.0,10,0.5253,False,0.0,12.444444444444443,False,False,False
92,107.0,36,0.1067,False,0.0,11.888888888888888,False,False,False
93,108.0,11,0.2949,False,0.0,12.0,False,False,False
94,103.0,20,0.3757,False,0.0,11.444444444444445,False,False,False
95,105.0,25,0.1707,False,0.0,11.666666666666666,False,False,False
96,107.0,-1,0.2648,True,0.0,11.888888888888888,False,False,False
97,105.0,-1,0.4972,True,0.0,11.666666666666666,False,False,False
98,135.0,11,0.7962,False,0.0,15.0,True,False,False
99,107.0,11,0.3936,False,0.0,11.888888888888888,False,False,False
100,105.0,20,0.1114,False,0.0,11.666666666666666,False,False,False
101,116.0,20,0.7474,False,0.0,12.888888888888888,True,False,False
102,102.0,11,0.2141,False,0.0,11.333333333333332,False,False,False
103,116.0,24,0.236,False,0.0,12.888888888888888,False,False,False
104,107.0,8,0.3511,False,0.0,11.888888888888888,False,False,False
105,137.0,11,0.1758,False,0.0,15.222222222222221,False,False,False
106,112.0,30,0.1714,False,0.0,12.444444444444443,False,False,False
107,105.0,11,0.5076,False,0.0,11.666666666666666,False,False,False
108,102.0,20,0.565,False,0.0,11.333333333333332,False,False,False
109,113.0,20,0.8045,False,0.0,12.555555555555555,True,False,False
110,111.0,11,0.1447,False,0.0,12.333333333333332,False,False,False
111,101.0,36,0.1539,False,0.0,11.222222222222221,False,False,False
112,116.0,11,0.4876,False,0.0,12.888888888888888,False,False,False
113,111.0,25,0.2031,False,0.0,12.333333333333332,False,False,False
114,101.0,20,0.3668,False,0.0,11.222222222222221,False,False,False
115,113.0,8,0.3112,False,0.0,12.555555555555555,False,False,False
116,132.0,36,0.1953,False,0.0,14.666666666666666,False,False,False
117,119.0,10,0.565,False,0.0,13.222222222222221,False,False,False
118,101.0,29,0.1733,False,0.0,11.222222222222221,False,False,False
119,111.0,33,0.4562,False,0.0,12.333333333333332,False,False,False
120,110.0,11,0.2184,False,0.0,12.222222222222221,False,False,False
121,104.0,20,0.628,False,0.0,11.555555555555555,False,False,False
122,128.0,22,0.157,False,0.0,14.222222222222221,False,False,False
123,105.0,8,0.2736,False,0.0,11.666666666666666,False,False,False
124,106.0,10,0.3914,False,0.0,11.777777777777777,False,False,False
125,116.0,-1,0.1628,True,0.0,12.888888888888888,False,False,False
126,101.0,33,0.1575,False,0.0,11.222222222222221,False,False,False
127,116.0,20,0.6012,False,0.0,12.888888888888888,False,False,False
128,115.0,30,0.1828,False,0.0,12.777777777777777,False,False,False
129,109.0,11,0.1735,False,0.0,12.11111111111111,False,False,False
130,110.0,31,0.1516,False,0.0,12.222222222222221,False,False,False
131,125.0,11,0.4283,False,0.0,13.888888888888888,False,False,False
132,109.0,20,0.2887,False,0.0,12.11111111111111,False,False,False
133,125.0,11,0.7392,False,0.0,13.888888888888888,True,False,False
134,111.0,10,0.2404,False,0.0,12.333333333333332,False,False,False
135,110.0,10,0.1065,False,0.0,12.222222222222221,False,False,False
136,101.0,20,0.4948,False,0.0,11.222222222222221,False,False,False
137,119.0,20,0.3172,False,0.0,13.222222222222221,False,False,False
138,146.0,11,0.7092,False,0.0,16.22222222222222,True,False,False
139,103.0,20,0.2468,False,0.0,11.444444444444445,False,False,False
140,101.0,23,0.1977,False,0.0,11.222222222222221,False,False,False
141,117.0,20,0.4343,False,0.0,13.0,False,False,False
142,110.0,33,0.1228,False,0.0,12.222222222222221,False,False,False
143,142.0,28,0.2092,False,0.0,15.777777777777777,False,False,False
144,100.0,14,0.6209,False,0.0,11.11111111111111,False,False,False
145,100.0,-1,0.1359,True,0.0,11.11111111111111,False,False,False
146,121.0,10,0.2585,False,0.0,13.444444444444443,False,False,False
147,107.0,20,0.5981,False,0.0,11.888888888888888,False,False,False
148,101.0,10,0.1326,False,0.0,11.222222222222221,False,False,False
149,108.0,4,0.2092,False,0.0,12.0,False,False,False
150,112.0,6,0.2667,False,0.0,12.444444444444443,False,False,False
151,122.0,10,0.2044,False,0.0,13.555555555555555,False,False,False
152,101.0,28,0.1038,False,0.0,11.222222222222221,False,False,False
153,134.0,10,0.6121,False,0.0,14.888888888888888,False,False,False
154,120.0,28,0.1951,False,0.0,13.333333333333332,False,False,False
155,104.0,-1,0.3486,True,0.0,11.555555555555555,False,False,False
156,105.0,20,0.5121,False,0.0,11.666666666666666,False,False,False
157,116.0,4,0.4498,False,0.0,12.888888888888888,False,False,False
158,123.0,20,0.4919,False,0.0,13.666666666666666,False,False,False
159,136.0,36,0.32,False,0.0,15.11111111111111,False,False,False
160,103.0,20,0.3451,False,0.0,11.444444444444445,False,False,False
161,123.0,11,0.6496,False,0.0,13.666666666666666,False,False,False
162,111.0,20,0.7936,False,0.0,12.333333333333332,True,False,False
163,115.0,20,0.6681,False,15.333333333333334,12.777777777777777,False,True,False
164,100.0,14,0.5202,False,0.0,11.11111111111111,False,False,False
165,107.0,20,0.4055,False,0.0,11.888888888888888,False,False,False
166,123.0,11,0.2668,False,0.0,13.666666666666666,False,False,False
167,128.0,36,0.3716,False,0.0,14.222222222222221,False,False,False
168,129.0,11,0.1792,False,0.0,14.333333333333332,False,False,False
169,122.0,36,0.3913,False,0.0,13.555555555555555,False,False,False
170,112.0,20,0.2043,False,0.0,12.444444444444443,False,False,False
171,105.0,20,0.798,False,0.0,11.666666666666666,True,False,False
172,104.0,10,0.3914,False,0.0,11.555555555555555,False,False,False
173,107.0,25,0.1005,False,0.0,11.888888888888888,False,False,False
174,102.0,-1,0.1974,True,0.0,11.333333333333332,False,False,False
175,121.0,11,0.3327,False,0.0,13.444444444444443,False,False,False
176,101.0,20,0.4348,False,0.0,11.222222222222221,False,False,False
177,110.0,20,0.6111,False,0.0,12.222222222222221,False,False,False
178,110.0,14,0.821,False,0.0,12.222222222222221,True,False,False
179,106.0,11,0.6064,False,0.0,11.777777777777777,False,False,False
180,108.0,20,0.0926,False,0.0,12.0,False,False,False
181,105.0,20,0.1694,False,0.0,11.666666666666666,False,False,False
182,104.0,10,0.3091,False,0.0,11.555555555555555,False,False,False
183,109.0,-1,0.1584,True,0.0,12.11111111111111,False,False,False
184,105.0,20,0.6956,False,0.0,11.666666666666666,False,False,False
185,114.0,33,0.227,False,0.0,12.666666666666666,False,False,False
186,110.0,20,0.7992,False,0.0,12.222222222222221,True,False,False
187,105.0,30,0.2342,False,0.0,11.666666666666666,False,False,False
188,101.0,-1,0.2171,True,0.0,11.222222222222221,False,False,False
189,111.0,20,0.7749,False,0.0,12.333333333333332,True,False,False
190,105.0,20,0.5654,False,0.0,11.666666666666666,False,False,False
191,108.0,20,0.2948,False,0.0,12.0,False,False,False
192,106.0,23,0.1297,False,0.0,11.777777777777777,False,False,False
193,110.0,10,0.2901,False,0.0,12.222222222222221,False,False,False
194,112.0,20,0.4785,False,0.0,12.444444444444443,False,False,False
195,115.0,20,0.5942,False,0.0,12.777777777777777,False,False,False
196,107.0,11,0.4517,False,0.0,11.888888888888888,False,False,False
197,106.0,30,0.2012,False,0.0,11.777777777777777,False,False,False
198,103.0,20,0.5871,False,0.0,11.444444444444445,False,False,False
199,116.0,20,0.6727,False,0.0,12.888888888888888,False,False,False
200,120.0,20,0.4349,False,0.0,13.333333333333332,False,False,False
201,118.0,11,0.1208,False,0.0,13.11111111111111,False,False,False
202,129.0,20,0.9144,False,0.0,14.333333333333332,True,False,False
203,103.0,20,0.4333,False,0.0,11.444444444444445,False,False,False
204,123.0,24,0.2296,False,0.0,13.666666666666666,False,False,False
205,120.0,11,0.6031,False,0.0,13.333333333333332,False,False,False
206,120.0,11,0.4313,False,0.0,13.333333333333332,False,False,False
207,123.0,20,0.2094,False,0.0,13.666666666666666,False,False,False
208,124.0,20,0.8149,False,0.0,13.777777777777777,True,False,False
209,122.0,11,0.2772,False,0.0,13.555555555555555,False,False,False
210,128.0,20,0.8124,False,0.0,14.222222222222221,True,False,False
211,100.0,23,0.2098,False,0.0,11.11111111111111,False,False,False
212,118.0,11,0.4474,False,0.0,13.11111111111111,False,False,False
213,126.0,20,0.9023,False,0.0,14.0,True,False,False
214,101.0,20,0.7279,False,0.0,11.222222222222221,True,False,False
215,114.0,23,0.3715,False,0.0,12.666666666666666,False,False,False
216,120.0,36,0.3885,False,0.0,13.333333333333332,False,False,False
217,120.0,20,0.4724,False,0.0,13.333333333333332,False,False,False
218,112.0,-1,0.2852,True,0.0,12.444444444444443,False,False,False
219,128.0,20,0.927,False,0.0,14.222222222222221,True,False,False
220,103.0,20,0.3824,False,0.0,11.444444444444445,False,False,False
221,124.0,20,0.8353,False,0.0,13.777777777777777,True,False,False
222,114.0,36,0.182,False,0.0,12.666666666666666,False,False,False
223,118.0,28,0.2224,False,0.0,13.11111111111111,False,False,False
224,126.0,36,0.3073,False,0.0,14.0,False,False,False
225,133.0,20,0.6974,False,0.0,14.777777777777777,False,False,False
226,101.0,20,0.4867,False,0.0,11.222222222222221,False,False,False
227,119.0,10,0.8322,False,0.0,13.222222222222221,True,False,False
228,119.0,10,0.5711,False,0.0,13.222222222222221,False,False,False
229,190.0,24,0.585,False,0.0,21.11111111111111,False,False,False
230,123.0,6,0.5264,False,0.0,13.666666666666666,False,False,False
231,125.0,23,0.4213,False,0.0,13.888888888888888,False,False,False
232,118.0,20,0.7453,False,0.0,13.11111111111111,True,False,False
233,109.0,-1,0.9406,True,0.0,12.11111111111111,False,False,False
234,114.0,30,0.4963,False,0.0,12.666666666666666,False,False,False
235,131.0,20,0.3561,False,0.0,14.555555555555555,False,False,False
236,123.0,10,0.6425,False,0.0,13.666666666666666,False,False,False
237,115.0,30,0.4174,False,0.0,12.777777777777777,False,False,False
238,120.0,30,0.3167,False,0.0,13.333333333333332,False,False,False
239,125.0,20,0.6159,False,17.666666666666668,13.888888888888888,False,True,False
240,120.0,30,0.4046,False,0.0,13.333333333333332,False,False,False
241,128.0,23,0.1756,False,0.0,14.222222222222221,False,False,False
242,126.0,20,0.6244,False,0.0,14.0,False,False,False
243,122.0,5,0.2204,False,0.0,13.555555555555555,False,False,False
244,109.0,30,0.4865,False,0.0,12.11111111111111,False,False,False
245,124.0,31,0.1421,False,0.0,13.777777777777777,False,False,False
246,113.0,10,0.5808,False,0.0,12.555555555555555,False,False,False
247,126.0,20,0.6033,False,0.0,14.0,False,False,False
248,110.0,-1,0.2349,True,0.0,12.222222222222221,False,False,False
249,118.0,23,0.5286,False,0.0,13.11111111111111,False,False,False
250,122.0,20,0.7933,False,0.0,13.555555555555555,True,False,False
251,121.0,31,0.2395,False,0.0,13.444444444444443,False,False,False
252,119.0,30,0.4715,False,0.0,13.222222222222221,False,False,False
253,101.0,5,0.2074,False,0.0,11.222222222222221,False,False,False
254,111.0,10,0.2119,False,0.0,12.333333333333332,False,False,False
255,114.0,33,0.1786,False,0.0,12.666666666666666,False,False,False
256,105.0,10,0.2649,False,0.0,11.666666666666666,False,False,False
257,118.0,20,0.7839,False,0.0,13.11111111111111,True,False,False
258,108.0,33,0.2402,False,0.0,12.0,False,False,False
259,101.0,20,0.7343,False,0.0,11.222222222222221,True,False,False
260,106.0,20,0.312,False,0.0,11.777777777777777,False,False,False
261,115.0,20,0.514,False,15.333333333333334,12.777777777777777,False,True,False
262,116.0,20,0.9683,False,0.0,12.888888888888888,True,False,False
263,103.0,20,0.2977,False,0.0,11.444444444444445,False,False,False
264,106.0,11,0.3489,False,0.0,11.777777777777777,False,False,False
265,115.0,20,0.7774,False,0.0,12.777777777777777,True,False,False
266,108.0,34,0.096,False,0.0,12.0,False,False,False
267,148.0,20,0.2193,False,0.0,16.444444444444443,False,False,False
268,128.0,29,0.4124,False,0.0,14.222222222222221,False,False,False
269,157.0,20,0.1495,False,0.0,17.444444444444443,False,False,False
270,108.0,5,0.0989,False,0.0,12.0,False,False,False
271,127.0,29,0.2569,False,0.0,14.11111111111111,False,False,False
272,117.0,20,0.928,False,0.0,13.0,True,False,False
273,103.0,11,0.1813,False,0.0,11.444444444444445,False,False,False
274,110.0,-1,0.3126,True,0.0,12.222222222222221,False,False,False
275,116.0,20,0.636,False,0.0,12.888888888888888,False,False,False
276,102.0,11,0.3047,False,0.0,11.333333333333332,False,False,False
277,130.0,23,0.3177,False,0.0,14.444444444444443,False,False,False
278,156.0,20,0.3105,False,0.0,17.333333333333332,False,False,False
279,127.0,20,0.8789,False,0.0,14.11111111111111,True,False,False
280,118.0,4,0.176,False,0.0,13.11111111111111,False,False,False
281,102.0,20,0.4335,False,0.0,11.333333333333332,False,False,False
282,103.0,-1,0.2462,True,0.0,11.444444444444445,False,False,False
283,129.0,20,0.8435,False,0.0,14.333333333333332,True,False,False
284,128.0,29,0.4233,False,0.0,14.222222222222221,False,False,False
285,156.0,20,0.2925,False,0.0,17.333333333333332,False,False,False
286,108.0,8,0.2896,False,0.0,12.0,False,False,False
287,101.0,5,0.0648,False,0.0,11.222222222222221,False,False,False
288,105.0,23,0.1924,False,0.0,11.666666666666666,False,False,False
289,153.0,20,0.2249,False,0.0,17.0,False,False,False
290,130.0,20,0.6247,False,0.0,14.444444444444443,False,False,False
291,110.0,-1,0.2193,True,0.0,12.222222222222221,False,False,False
292,128.0,29,0.5161,False,0.0,14.222222222222221,False,False,False
293,100.0,20,0.4838,False,0.0,11.11111111111111,False,False,False
294,110.0,28,0.3987,False,0.0,12.222222222222221,False,False,False
295,111.0,10,0.3133,False,0.0,12.333333333333332,False,False,False
296,126.0,20,0.6732,False,0.0,14.0,False,False,False
297,129.0,29,0.4741,False,0.0,14.333333333333332,False,False,False
298,156.0,20,0.2485,False,0.0,17.333333333333332,False,False,False
299,105.0,8,0.3465,False,0.0,11.666666666666666,False,False,False
300,111.0,31,0.1458,False,0.0,12.333333333333332,False,False,False
301,121.0,28,0.4076,False,0.0,13.444444444444443,False,False,False
302,128.0,20,0.6936,False,0.0,14.222222222222221,False,False,False
303,152.0,20,0.3415,False,0.0,16.88888888888889,False,False,False
304,115.0,4,0.193,False,0.0,12.777777777777777,False,False,False
305,112.0,10,0.3235,False,0.0,12.444444444444443,False,False,False
306,127.0,29,0.3939,False,0.0,14.11111111111111,False,False,False
307,133.0,20,0.7551,False,0.0,14.777777777777777,True,False,False
308,120.0,10,0.4313,False,0.0,13.333333333333332,False,False,False
309,153.0,20,0.3035,False,0.0,17.0,False,False,False
310,128.0,29,0.2805,False,0.0,14.222222222222221,False,False,False
311,107.0,20,0.257,False,0.0,11.888888888888888,False,False,False
312,105.0,6,0.264,False,0.0,11.666666666666666,False,False,False
313,152.0,20,0.7042,False,0.0,16.88888888888889,True,False,False
314,131.0,29,0.2937,False,0.0,14.555555555555555,False,False,False
315,129.0,20,0.4549,False,0.0,14.333333333333332,False,False,False
316,117.0,28,0.1452,False,0.0,13.0,False,False,False
317,105.0,20,0.3436,False,0.0,11.666666666666666,False,False,False
318,101.0,25,0.23,False,0.0,11.222222222222221,False,False,False
319,105.0,8,0.3719,False,0.0,11.666666666666666,False,False,False
320,111.0,-1,0.3923,True,0.0,12.333333333333332,False,False,False
321,118.0,28,0.452,False,0.0,13.11111111111111,False,False,False
322,131.0,29,0.5971,False,0.0,14.555555555555555,False,False,False
323,131.0,20,0.6973,False,0.0,14.555555555555555,False,False,False
324,110.0,31,0.1782,False,0.0,12.222222222222221,False,False,False
325,153.0,20,0.3732,False,0.0,17.0,False,False,False
326,102.0,-1,0.318,True,0.0,11.333333333333332,False,False,False
327,130.0,20,0.5029,False,0.0,14.444444444444443,False,False,False
328,107.0,25,0.1407,False,0.0,11.888888888888888,False,False,False
329,158.0,20,0.3338,False,0.0,17.555555555555554,False,False,False
330,118.0,28,0.1948,False,0.0,13.11111111111111,False,False,False
331,105.0,4,0.2406,False,0.0,11.666666666666666,False,False,False
332,131.0,29,0.7109,False,0.0,14.555555555555555,True,False,False
333,119.0,29,0.9518,False,0.0,13.222222222222221,True,False,False
334,140.0,24,0.7641,False,0.0,15.555555555555555,True,False,False
335,102.0,23,0.2285,False,0.0,11.333333333333332,False,False,False
336,140.0,24,0.5414,False,0.0,15.555555555555555,False,False,False
337,116.0,29,0.9446,False,0.0,12.888888888888888,True,False,False
338,124.0,29,0.8664,False,10.0,13.777777777777777,True,True,False
339,140.0,24,0.1961,False,0.0,15.555555555555555,False,False,False
340,106.0,-1,0.9162,True,0.0,11.777777777777777,False,False,False
341,142.0,24,0.3173,False,0.0,15.777777777777777,False,False,False
342,109.0,23,0.2878,False,0.0,12.11111111111111,False,False,False
343,152.0,24,0.8306,False,0.0,16.88888888888889,True,False,False
344,683.0,-1,0.6229,True,15.0,75.88888888888889,False,True,False
345,603.0,5,0.2994,False,16.333333333333332,67.0,False,True,False
346,622.0,5,0.3802,False,20.666666666666668,69.11111111111111,False,True,False
347,670.0,18,0.5342,False,0.0,74.44444444444444,False,False,False
348,120.0,20,0.884,False,0.0,13.333333333333332,True,False,False
349,103.0,20,0.5606,False,0.0,11.444444444444445,False,False,False
350,102.0,23,0.3023,False,0.0,11.333333333333332,False,False,False
351,115.0,20,0.8636,False,0.0,12.777777777777777,True,False,False
352,120.0,20,0.7803,False,0.0,13.333333333333332,True,False,False
353,160.0,20,0.6785,False,0.0,17.77777777777778,False,False,False
354,157.0,23,0.1726,False,0.0,17.444444444444443,False,False,False
355,149.0,20,0.5922,False,0.0,16.555555555555554,False,False,False
356,103.0,-1,0.2155,True,0.0,11.444444444444445,False,False,False
357,155.0,20,0.727,False,32.666666666666664,17.22222222222222,True,True,False
358,137.0,24,0.2858,False,0.0,15.222222222222221,False,False,False
359,127.0,10,0.5273,False,0.0,14.11111111111111,False,False,False
360,138.0,10,0.4319,False,0.0,15.333333333333332,False,False,False
361,100.0,20,0.8325,False,0.0,11.11111111111111,True,False,False
362,140.0,10,0.283,False,0.0,15.555555555555555,False,False,False
363,108.0,24,0.4606,False,0.0,12.0,False,False,False
364,138.0,11,0.3372,False,0.0,15.333333333333332,False,False,False
365,110.0,20,0.3449,False,0.0,12.222222222222221,False,False,False
366,102.0,20,0.9452,False,0.0,11.333333333333332,True,False,False
367,100.0,29,0.5041,False,0.0,11.11111111111111,False,False,False
368,101.0,10,0.3097,False,0.0,11.222222222222221,False,False,False
369,102.0,-1,0.1966,True,0.0,11.333333333333332,False,False,False
370,134.0,20,0.6648,False,0.0,14.888888888888888,False,False,False
371,101.0,20,0.7984,False,12.333333333333334,11.222222222222221,True,True,False
372,145.0,24,0.7212,False,0.0,16.11111111111111,True,False,False
373,120.0,1,0.3332,False,0.0,13.333333333333332,False,False,False
374,142.0,24,0.4729,False,0.0,15.777777777777777,False,False,False
375,108.0,29,0.2601,False,0.0,12.0,False,False,False
376,101.0,10,0.3344,False,0.0,11.222222222222221,False,False,False
377,100.0,20,0.5777,False,0.0,11.11111111111111,False,False,False
378,103.0,20,0.3992,False,0.0,11.444444444444445,False,False,False
379,109.0,24,0.6605,False,0.0,12.11111111111111,False,False,False
380,112.0,1,0.7074,False,0.0,12.444444444444443,True,False,False
381,131.0,22,0.6406,False,0.0,14.555555555555555,False,False,False
382,108.0,31,0.3409,False,0.0,12.0,False,False,False
383,101.0,10,0.833,False,0.0,11.222222222222221,True,False,False
384,109.0,20,0.8326,False,0.0,12.11111111111111,True,False,False
385,103.0,29,0.7504,False,0.0,11.444444444444445,True,False,False
386,113.0,20,0.7451,False,0.0,12.555555555555555,True,False,False
387,131.0,2,0.2168,False,0.0,14.555555555555555,False,False,False
388,100.0,-1,0.3576,True,0.0,11.11111111111111,False,False,False
389,102.0,-1,0.244,True,0.0,11.333333333333332,False,False,False
390,101.0,20,0.8815,False,0.0,11.222222222222221,True,False,False
391,104.0,23,0.3475,False,0.0,11.555555555555555,False,False,False
392,109.0,10,0.477,False,0.0,12.11111111111111,False,False,False
393,122.0,24,0.5646,False,0.0,13.555555555555555,False,False,False
394,117.0,29,0.4142,False,0.0,13.0,False,False,False
395,137.0,1,0.3087,False,0.0,15.222222222222221,False,False,False
396,115.0,34,0.1777,False,0.0,12.777777777777777,False,False,False
397,100.0,10,0.3604,False,0.0,11.11111111111111,False,False,False
398,111.0,29,0.4924,False,0.0,12.333333333333332,False,False,False
399,113.0,29,0.62,False,0.0,12.555555555555555,False,False,False
400,113.0,33,0.1456,False,0.0,12.555555555555555,False,False,False
401,105.0,11,0.8798,False,0.0,11.666666666666666,True,False,False
402,104.0,-1,0.3447,True,0.0,11.555555555555555,False,False,False
403,103.0,20,0.41,False,0.0,11.444444444444445,False,False,False
404,101.0,29,0.18,False,0.0,11.222222222222221,False,False,False
405,101.0,20,0.3426,False,0.0,11.222222222222221,False,False,False
406,100.0,29,0.5285,False,0.0,11.11111111111111,False,False,False
407,112.0,8,0.5878,False,0.0,12.444444444444443,False,False,False
408,127.0,24,0.7439,False,0.0,14.11111111111111,True,False,False
409,101.0,29,0.8337,False,0.0,11.222222222222221,True,False,False
410,102.0,20,0.1564,False,0.0,11.333333333333332,False,False,False
411,129.0,24,0.5349,False,0.0,14.333333333333332,False,False,False
412,102.0,29,0.8727,False,0.0,11.333333333333332,True,False,False
413,112.0,8,0.5804,False,0.0,12.444444444444443,False,False,False
414,101.0,31,0.1958,False,16.333333333333332,11.222222222222221,False,True,False
415,133.0,24,0.3501,False,0.0,14.777777777777777,False,False,False
416,103.0,20,0.3161,False,0.0,11.444444444444445,False,False,False
417,113.0,8,0.7422,False,0.0,12.555555555555555,True,False,False
418,103.0,29,0.7102,False,0.0,11.444444444444445,True,False,False
419,102.0,29,0.8422,False,0.0,11.333333333333332,True,False,False
420,135.0,20,0.6316,False,0.0,15.0,False,False,False
421,114.0,8,0.8266,False,0.0,12.666666666666666,True,False,False
422,111.0,8,0.6143,False,0.0,12.333333333333332,False,False,False
423,149.0,31,0.257,False,0.0,16.555555555555554,False,False,False
424,109.0,8,0.6153,False,0.0,12.11111111111111,False,False,False
425,148.0,20,0.2532,False,0.0,16.444444444444443,False,False,False
426,113.0,33,0.3407,False,29.666666666666668,12.555555555555555,False,True,False
427,107.0,29,0.4249,False,0.0,11.888888888888888,False,False,False
428,101.0,5,0.1272,False,0.0,11.222222222222221,False,False,False
429,100.0,33,0.123,False,0.0,11.11111111111111,False,False,False
430,100.0,25,0.2349,False,0.0,11.11111111111111,False,False,False
431,107.0,30,0.5454,False,0.0,11.888888888888888,False,False,False
432,102.0,-1,0.8381,True,0.0,11.333333333333332,False,False,False
433,110.0,29,0.2182,False,0.0,12.222222222222221,False,False,False
434,116.0,31,0.3226,False,0.0,12.888888888888888,False,False,False
435,104.0,24,0.3127,False,0.0,11.555555555555555,False,False,False
436,110.0,29,0.2779,False,0.0,12.222222222222221,False,False,False
437,113.0,24,0.2221,False,0.0,12.555555555555555,False,False,False
438,106.0,-1,0.4629,True,0.0,11.777777777777777,False,False,False
439,100.0,20,0.29,False,0.0,11.11111111111111,False,False,False
440,114.0,30,0.3795,False,0.0,12.666666666666666,False,False,False
441,103.0,-1,0.3602,True,0.0,11.444444444444445,False,False,False
442,119.0,23,0.2503,False,0.0,13.222222222222221,False,False,False
443,107.0,-1,0.6734,True,0.0,11.888888888888888,False,False,False
444,105.0,23,0.3682,False,0.0,11.666666666666666,False,False,False
445,104.0,-1,0.7906,True,0.0,11.555555555555555,False,False,False
446,104.0,30,0.701,False,0.0,11.555555555555555,True,False,False
447,116.0,31,0.123,False,0.0,12.888888888888888,False,False,False
448,106.0,-1,0.2645,True,0.0,11.777777777777777,False,False,False
449,100.0,-1,0.3043,True,0.0,11.11111111111111,False,False,False
450,115.0,-1,0.5488,True,0.0,12.777777777777777,False,False,False
451,105.0,-1,0.8803,True,0.0,11.666666666666666,False,False,False
452,115.0,20,0.3504,False,0.0,12.777777777777777,False,False,False
453,104.0,23,0.3747,False,0.0,11.555555555555555,False,False,False
454,104.0,-1,0.4288,True,0.0,11.555555555555555,False,False,False
455,115.0,24,0.1758,False,0.0,12.777777777777777,False,False,False
456,104.0,9,0.2679,False,0.0,11.555555555555555,False,False,False
457,104.0,29,0.3524,False,16.666666666666668,11.555555555555555,False,True,False
458,103.0,6,0.0893,False,0.0,11.444444444444445,False,False,False
459,114.0,20,0.1422,False,0.0,12.666666666666666,False,False,False
460,110.0,-1,0.3202,True,0.0,12.222222222222221,False,False,False
461,103.0,23,0.2937,False,0.0,11.444444444444445,False,False,False
462,109.0,-1,0.3279,True,0.0,12.11111111111111,False,False,False
463,142.0,30,0.6671,False,0.0,15.777777777777777,False,False,False
464,131.0,29,0.6213,False,0.0,14.555555555555555,False,False,False
465,116.0,20,0.259,False,0.0,12.888888888888888,False,False,False
466,100.0,-1,0.3161,True,0.0,11.11111111111111,False,False,False
467,121.0,23,0.1805,False,0.0,13.444444444444443,False,False,False
468,115.0,-1,0.3213,True,0.0,12.777777777777777,False,False,False
469,102.0,29,0.3278,False,0.0,11.333333333333332,False,False,False
470,104.0,-1,0.3577,True,0.0,11.555555555555555,False,False,False
471,141.0,20,0.6729,False,0.0,15.666666666666666,False,False,False
472,105.0,14,0.2635,False,0.0,11.666666666666666,False,False,False
473,125.0,20,0.3804,False,0.0,13.888888888888888,False,False,False
474,103.0,29,0.9557,False,0.0,11.444444444444445,True,False,False
475,112.0,20,0.7591,False,8.666666666666666,12.444444444444443,True,True,False
476,107.0,8,0.3678,False,0.0,11.888888888888888,False,False,False
477,100.0,29,0.9604,False,0.0,11.11111111111111,True,False,False
478,108.0,20,0.4153,False,0.0,12.0,False,False,False
479,107.0,10,0.5284,False,0.0,11.888888888888888,False,False,False
480,107.0,20,0.8201,False,0.0,11.888888888888888,True,False,False
481,105.0,8,0.812,False,0.0,11.666666666666666,True,False,False
482,108.0,8,0.869,False,0.0,12.0,True,False,False
483,102.0,14,0.5297,False,0.0,11.333333333333332,False,False,False
484,110.0,20,0.7311,False,0.0,12.222222222222221,True,False,False
485,109.0,8,0.8959,False,0.0,12.11111111111111,True,False,False
486,108.0,20,0.9951,False,0.0,12.0,True,False,False
487,107.0,8,0.9164,False,0.0,11.888888888888888,True,False,False
488,102.0,29,0.4511,False,0.0,11.333333333333332,False,False,False
489,102.0,29,0.3772,False,0.0,11.333333333333332,False,False,False
490,104.0,29,0.9727,False,0.0,11.555555555555555,True,False,False
491,102.0,8,0.212,False,0.0,11.333333333333332,False,False,False
492,109.0,33,0.343,False,0.0,12.11111111111111,False,False,False
493,109.0,36,0.5939,False,0.0,12.11111111111111,False,False,False
494,144.0,10,0.4036,False,0.0,16.0,False,False,False
495,176.0,24,0.3402,False,0.0,19.555555555555554,False,False,False
496,137.0,24,0.2396,False,0.0,15.222222222222221,False,False,False
497,109.0,8,0.7792,False,0.0,12.11111111111111,True,False,False
498,111.0,14,0.323,False,0.0,12.333333333333332,False,False,False
499,108.0,50,0.1154,False,0.0,12.0,False,False,False
500,114.0,25,0.2762,False,0.0,12.666666666666666,False,False,False
501,110.0,20,0.6045,False,0.0,12.222222222222221,False,False,False
502,112.0,30,0.3421,False,0.0,12.444444444444443,False,False,False
503,100.0,29,0.1709,False,0.0,11.11111111111111,False,False,False
504,129.0,29,0.6847,False,0.0,14.333333333333332,False,False,False
505,105.0,20,0.4068,False,0.0,11.666666666666666,False,False,False
506,143.0,24,0.3861,False,0.0,15.888888888888888,False,False,False
507,139.0,24,0.17,False,0.0,15.444444444444443,False,False,False
508,105.0,-1,0.2741,True,0.0,11.666666666666666,False,False,False
509,152.0,4,0.1845,False,0.0,16.88888888888889,False,False,False
510,100.0,-1,0.4608,True,0.0,11.11111111111111,False,False,False
511,105.0,29,0.9393,False,0.0,11.666666666666666,True,False,False
512,111.0,20,0.4265,False,0.0,12.333333333333332,False,False,False
513,127.0,29,0.74,False,0.0,14.11111111111111,True,False,False
514,141.0,24,0.3674,False,0.0,15.666666666666666,False,False,False
515,132.0,29,0.9594,False,0.0,14.666666666666666,True,False,False
516,104.0,23,0.3556,False,0.0,11.555555555555555,False,False,False
517,152.0,4,0.3088,False,0.0,16.88888888888889,False,False,False
518,103.0,-1,0.4945,True,0.0,11.444444444444445,False,False,False
519,102.0,30,0.2892,False,0.0,11.333333333333332,False,False,False
520,108.0,29,0.8164,False,0.0,12.0,True,False,False
521,130.0,28,0.2417,False,0.0,14.444444444444443,False,False,False
522,100.0,33,0.2457,False,0.0,11.11111111111111,False,False,False
523,120.0,29,0.4661,False,0.0,13.333333333333332,False,False,False
524,101.0,9,0.2251,False,0.0,11.222222222222221,False,False,False
525,113.0,20,0.465,False,0.0,12.555555555555555,False,False,False
526,113.0,-1,0.2986,True,0.0,12.555555555555555,False,False,False
527,121.0,-1,0.1757,True,0.0,13.444444444444443,False,False,False
528,106.0,10,0.5984,False,0.0,11.777777777777777,False,False,False
529,120.0,14,0.3267,False,0.0,13.333333333333332,False,False,False
530,118.0,14,0.1967,False,0.0,13.11111111111111,False,False,False
531,112.0,14,0.2344,False,0.0,12.444444444444443,False,False,False
532,102.0,11,0.204,False,31.0,11.333333333333332,False,True,False
533,102.0,-1,0.7858,True,0.0,11.333333333333332,False,False,False
534,108.0,50,0.4071,False,0.0,12.0,False,False,False
535,100.0,-1,0.3483,True,0.0,11.11111111111111,False,False,False
536,114.0,14,0.2716,False,0.0,12.666666666666666,False,False,False
537,112.0,20,0.8281,False,0.0,12.444444444444443,True,False,False
538,112.0,11,0.3723,False,0.0,12.444444444444443,False,False,False
539,102.0,10,0.2342,False,18.333333333333332,11.333333333333332,False,True,False
540,113.0,20,0.7111,False,0.0,12.555555555555555,True,False,False
541,303.0,20,0.3242,False,0.0,33.666666666666664,False,False,False
542,118.0,11,0.6842,False,0.0,13.11111111111111,False,False,False
543,116.0,20,0.7448,False,28.0,12.888888888888888,True,True,False
544,114.0,20,0.4808,False,0.0,12.666666666666666,False,False,False
545,113.0,10,0.382,False,0.0,12.555555555555555,False,False,False
546,106.0,-1,0.2409,True,0.0,11.777777777777777,False,False,False
547,115.0,11,0.2654,False,0.0,12.777777777777777,False,False,False
548,102.0,23,0.276,False,0.0,11.333333333333332,False,False,False
549,109.0,20,0.7398,False,0.0,12.11111111111111,True,False,False
550,113.0,33,0.2448,False,0.0,12.555555555555555,False,False,False
551,122.0,11,0.6273,False,0.0,13.555555555555555,False,False,False
552,103.0,30,0.2692,False,0.0,11.444444444444445,False,False,False
553,104.0,30,0.2663,False,0.0,11.555555555555555,False,False,False
554,121.0,11,0.4939,False,0.0,13.444444444444443,False,False,False
555,113.0,20,0.5244,False,0.0,12.555555555555555,False,False,False
556,104.0,10,0.4102,False,0.0,11.555555555555555,False,False,False
557,102.0,-1,0.285,True,0.0,11.333333333333332,False,False,False
558,116.0,20,0.5248,False,20.333333333333332,12.888888888888888,False,True,False
559,103.0,11,0.679,False,0.0,11.444444444444445,False,False,False
560,131.0,5,0.2934,False,0.0,14.555555555555555,False,False,False
561,111.0,20,0.2294,False,0.0,12.333333333333332,False,False,False
562,102.0,11,0.2778,False,0.0,11.333333333333332,False,False,False
563,128.0,11,0.8738,False,0.0,14.222222222222221,True,False,False
564,107.0,-1,0.3841,True,0.0,11.888888888888888,False,False,False
565,105.0,-1,0.1988,True,0.0,11.666666666666666,False,False,False
566,112.0,10,0.3341,False,0.0,12.444444444444443,False,False,False
567,103.0,20,0.4683,False,0.0,11.444444444444445,False,False,False
568,126.0,23,0.302,False,0.0,14.0,False,False,False
569,102.0,29,0.2958,False,0.0,11.333333333333332,False,False,False
570,131.0,11,0.6873,False,15.333333333333334,14.555555555555555,False,True,False
571,107.0,20,0.8952,False,0.0,11.888888888888888,True,False,False
572,105.0,20,0.7734,False,0.0,11.666666666666666,True,False,False
573,103.0,29,0.3774,False,0.0,11.444444444444445,False,False,False
574,137.0,11,0.4727,False,0.0,15.222222222222221,False,False,False
575,104.0,24,0.2108,False,0.0,11.555555555555555,False,False,False
576,197.0,30,0.1334,False,0.0,21.88888888888889,False,False,False
577,101.0,11,0.4151,False,0.0,11.222222222222221,False,False,False
578,109.0,20,0.4334,False,0.0,12.11111111111111,False,False,False
579,108.0,33,0.1592,False,0.0,12.0,False,False,False
580,132.0,11,0.3443,False,0.0,14.666666666666666,False,False,False
581,103.0,20,0.5103,False,0.0,11.444444444444445,False,False,False
582,104.0,20,0.1285,False,0.0,11.555555555555555,False,False,False
583,141.0,23,0.4335,False,0.0,15.666666666666666,False,False,False
584,101.0,10,0.1696,False,0.0,11.222222222222221,False,False,False
585,153.0,11,0.3407,False,0.0,17.0,False,False,False
586,107.0,20,0.652,False,0.0,11.888888888888888,False,False,False
587,104.0,23,0.2275,False,0.0,11.555555555555555,False,False,False
588,102.0,23,0.5578,False,0.0,11.333333333333332,False,False,False
589,151.0,11,0.3901,False,0.0,16.77777777777778,False,False,False
590,104.0,20,0.2081,False,0.0,11.555555555555555,False,False,False
591,112.0,10,0.192,False,0.0,12.444444444444443,False,False,False
592,106.0,33,0.2691,False,0.0,11.777777777777777,False,False,False
593,109.0,23,0.6409,False,0.0,12.11111111111111,False,False,False
594,155.0,11,0.2715,False,0.0,17.22222222222222,False,False,False
595,113.0,20,0.5241,False,0.0,12.555555555555555,False,False,False
596,109.0,11,0.2913,False,0.0,12.11111111111111,False,False,False
597,105.0,23,0.2538,False,0.0,11.666666666666666,False,False,False
598,105.0,23,0.5463,False,0.0,11.666666666666666,False,False,False
599,108.0,23,0.6771,False,0.0,12.0,False,False,False
600,158.0,23,0.2368,False,0.0,17.555555555555554,False,False,False
601,112.0,4,0.3735,False,15.0,12.444444444444443,False,True,False
602,109.0,20,0.2341,False,0.0,12.11111111111111,False,False,False
603,116.0,11,0.2448,False,0.0,12.888888888888888,False,False,False
604,108.0,33,0.1258,False,0.0,12.0,False,False,False
605,110.0,11,0.8504,False,0.0,12.222222222222221,True,False,False
606,115.0,20,0.3993,False,0.0,12.777777777777777,False,False,False
607,112.0,23,0.7289,False,0.0,12.444444444444443,True,False,False
608,103.0,20,0.5714,False,0.0,11.444444444444445,False,False,False
609,107.0,20,0.1631,False,0.0,11.888888888888888,False,False,False
610,120.0,20,0.8315,False,0.0,13.333333333333332,True,False,False
611,113.0,11,0.4635,False,0.0,12.555555555555555,False,False,False
612,100.0,20,0.2755,False,0.0,11.11111111111111,False,False,False
613,113.0,20,0.2584,False,0.0,12.555555555555555,False,False,False
614,118.0,23,0.5431,False,0.0,13.11111111111111,False,False,False
615,113.0,10,0.1586,False,0.0,12.555555555555555,False,False,False
616,113.0,29,0.8389,False,0.0,12.555555555555555,True,False,False
617,125.0,20,0.8216,False,0.0,13.888888888888888,True,False,False
618,114.0,33,0.5195,False,0.0,12.666666666666666,False,False,False
619,100.0,14,0.332,False,0.0,11.11111111111111,False,False,False
620,100.0,29,0.3544,False,0.0,11.11111111111111,False,False,False
621,154.0,30,0.1629,False,0.0,17.11111111111111,False,False,False
622,132.0,20,0.5081,False,0.0,14.666666666666666,False,False,False
623,117.0,29,0.5588,False,0.0,13.0,False,False,False
624,108.0,23,0.1816,False,0.0,12.0,False,False,False
625,108.0,14,0.1197,False,0.0,12.0,False,False,False
626,109.0,20,0.2177,False,0.0,12.11111111111111,False,False,False
627,106.0,-1,0.3799,True,0.0,11.777777777777777,False,False,False
628,101.0,4,0.246,False,0.0,11.222222222222221,False,False,False
629,108.0,-1,0.1235,True,0.0,12.0,False,False,False
630,110.0,-1,0.5326,True,0.0,12.222222222222221,False,False,False
631,135.0,23,0.1751,False,0.0,15.0,False,False,False
632,113.0,23,0.1491,False,0.0,12.555555555555555,False,False,False
633,119.0,29,0.573,False,0.0,13.222222222222221,False,False,False
634,107.0,3,0.3093,False,0.0,11.888888888888888,False,False,False
635,107.0,36,0.4886,False,0.0,11.888888888888888,False,False,False
636,129.0,20,0.8736,False,0.0,14.333333333333332,True,False,False
637,112.0,33,0.1771,False,0.0,12.444444444444443,False,False,False
638,106.0,14,0.4877,False,0.0,11.777777777777777,False,False,False
639,104.0,-1,0.4546,True,0.0,11.555555555555555,False,False,False
640,146.0,11,0.3025,False,0.0,16.22222222222222,False,False,False
641,102.0,-1,0.2046,True,0.0,11.333333333333332,False,False,False
642,148.0,28,0.3496,False,0.0,16.444444444444443,False,False,False
643,105.0,-1,0.7985,True,0.0,11.666666666666666,False,False,False
644,114.0,6,0.2947,False,0.0,12.666666666666666,False,False,False
645,107.0,11,0.1779,False,0.0,11.888888888888888,False,False,False
646,132.0,20,0.7358,False,0.0,14.666666666666666,True,False,False
647,122.0,23,0.1175,False,0.0,13.555555555555555,False,False,False
648,107.0,3,0.1756,False,0.0,11.888888888888888,False,False,False
649,116.0,29,0.7341,False,0.0,12.888888888888888,True,False,False
650,106.0,33,0.2609,False,0.0,11.777777777777777,False,False,False
651,117.0,29,0.7974,False,0.0,13.0,True,False,False
652,115.0,20,0.1936,False,0.0,12.777777777777777,False,False,False
653,132.0,23,0.3385,False,0.0,14.666666666666666,False,False,False
654,107.0,-1,0.3157,True,0.0,11.888888888888888,False,False,False
655,150.0,28,0.1264,False,0.0,16.666666666666664,False,False,False
656,106.0,3,0.3531,False,0.0,11.777777777777777,False,False,False
657,110.0,33,0.191,False,14.666666666666666,12.222222222222221,False,True,False
658,128.0,20,0.8438,False,0.0,14.222222222222221,True,False,False
659,114.0,24,0.217,False,0.0,12.666666666666666,False,False,False
660,100.0,-1,0.1413,True,0.0,11.11111111111111,False,False,False
661,101.0,20,0.3105,False,0.0,11.222222222222221,False,False,False
662,106.0,10,0.1966,False,0.0,11.777777777777777,False,False,False
663,138.0,10,0.3822,False,0.0,15.333333333333332,False,False,False
664,113.0,1,0.5407,False,0.0,12.555555555555555,False,False,False
665,105.0,23,0.3449,False,0.0,11.666666666666666,False,False,False
666,148.0,28,0.2983,False,0.0,16.444444444444443,False,False,False
667,104.0,-1,0.3716,True,0.0,11.555555555555555,False,False,False
668,100.0,10,0.3037,False,0.0,11.11111111111111,False,False,False
669,103.0,10,0.354,False,0.0,11.444444444444445,False,False,False
670,102.0,20,0.6898,False,0.0,11.333333333333332,False,False,False
671,102.0,23,0.3682,False,0.0,11.333333333333332,False,False,False
672,127.0,4,0.4012,False,0.0,14.11111111111111,False,False,False
673,120.0,24,0.504,False,0.0,13.333333333333332,False,False,False
674,106.0,-1,0.236,True,0.0,11.777777777777777,False,False,False
675,108.0,-1,0.1897,True,0.0,12.0,False,False,False
676,107.0,14,0.1509,False,0.0,11.888888888888888,False,False,False
677,146.0,29,0.4128,False,0.0,16.22222222222222,False,False,False
678,110.0,30,0.2356,False,0.0,12.222222222222221,False,False,False
679,110.0,-1,0.41,True,0.0,12.222222222222221,False,False,False
680,102.0,10,0.6879,False,0.0,11.333333333333332,False,False,False
681,112.0,23,0.2463,False,0.0,12.444444444444443,False,False,False
682,103.0,20,0.3498,False,17.666666666666668,11.444444444444445,False,True,False
683,177.0,10,0.6275,False,0.0,19.666666666666664,False,False,False
684,130.0,23,0.2441,False,0.0,14.444444444444443,False,False,False
685,143.0,9,0.2309,False,0.0,15.888888888888888,False,False,False
686,120.0,20,0.2056,False,0.0,13.333333333333332,False,False,False
687,103.0,-1,0.4744,True,0.0,11.444444444444445,False,False,False
688,107.0,-1,0.4898,True,0.0,11.888888888888888,False,False,False
689,101.0,11,0.5205,False,0.0,11.222222222222221,False,False,False
690,103.0,-1,0.4581,True,0.0,11.444444444444445,False,False,False
691,109.0,10,0.3245,False,0.0,12.11111111111111,False,False,False
692,126.0,10,0.3606,False,0.0,14.0,False,False,False
693,121.0,20,0.5927,False,0.0,13.444444444444443,False,False,False
694,145.0,29,0.2555,False,0.0,16.11111111111111,False,False,False
695,106.0,-1,0.3189,True,0.0,11.777777777777777,False,False,False
696,105.0,-1,0.6023,True,0.0,11.666666666666666,False,False,False
697,101.0,10,0.4089,False,0.0,11.222222222222221,False,False,False
698,101.0,10,0.7055,False,22.333333333333332,11.222222222222221,True,True,False
699,115.0,29,0.1627,False,0.0,12.777777777777777,False,False,False
700,105.0,23,0.2236,False,0.0,11.666666666666666,False,False,False
701,116.0,-1,0.3186,True,0.0,12.888888888888888,False,False,False
702,121.0,10,0.7308,False,0.0,13.444444444444443,True,False,False
703,102.0,23,0.3465,False,0.0,11.333333333333332,False,False,False
704,101.0,-1,0.3701,True,0.0,11.222222222222221,False,False,False
705,127.0,10,0.3413,False,0.0,14.11111111111111,False,False,False
706,101.0,10,0.3405,False,0.0,11.222222222222221,False,False,False
707,101.0,10,0.2586,False,0.0,11.222222222222221,False,False,False
708,102.0,-1,0.3983,True,0.0,11.333333333333332,False,False,False
709,119.0,28,0.4109,False,0.0,13.222222222222221,False,False,False
710,107.0,4,0.2069,False,0.0,11.888888888888888,False,False,False
711,106.0,20,0.3794,False,0.0,11.777777777777777,False,False,False
712,101.0,10,0.189,False,0.0,11.222222222222221,False,False,False
713,114.0,20,0.479,False,0.0,12.666666666666666,False,False,False
714,108.0,29,0.2824,False,0.0,12.0,False,False,False
715,111.0,20,0.4668,False,0.0,12.333333333333332,False,False,False
716,115.0,20,0.9149,False,0.0,12.777777777777777,True,False,False
717,106.0,20,0.5811,False,0.0,11.777777777777777,False,False,False
718,102.0,23,0.7399,False,0.0,11.333333333333332,True,False,False
719,105.0,30,0.6738,False,0.0,11.666666666666666,False,False,False
720,106.0,28,0.3483,False,0.0,11.777777777777777,False,False,False
721,102.0,30,0.299,False,27.666666666666668,11.333333333333332,False,True,False
722,103.0,30,0.4779,False,28.0,11.444444444444445,False,True,False
723,107.0,20,0.5848,False,0.0,11.888888888888888,False,False,False
724,105.0,24,0.3631,False,0.0,11.666666666666666,False,False,False
725,106.0,20,0.4613,False,0.0,11.777777777777777,False,False,False
726,105.0,23,0.5974,False,0.0,11.666666666666666,False,False,False
727,100.0,11,0.2258,False,0.0,11.11111111111111,False,False,False
728,112.0,20,0.4566,False,0.0,12.444444444444443,False,False,False
729,102.0,23,0.8732,False,0.0,11.333333333333332,True,False,False
730,125.0,30,0.2137,False,0.0,13.888888888888888,False,False,False
731,133.0,29,0.1804,False,0.0,14.777777777777777,False,False,False
732,105.0,-1,0.4154,True,0.0,11.666666666666666,False,False,False
733,117.0,20,0.3682,False,0.0,13.0,False,False,False
734,110.0,20,0.7736,False,0.0,12.222222222222221,True,False,False
735,107.0,20,0.4496,False,0.0,11.888888888888888,False,False,False
736,130.0,14,0.2579,False,0.0,14.444444444444443,False,False,False
737,100.0,10,0.2658,False,0.0,11.11111111111111,False,False,False
738,103.0,-1,0.3624,True,0.0,11.444444444444445,False,False,False
739,104.0,-1,0.5283,True,0.0,11.555555555555555,False,False,False
740,103.0,-1,0.2505,True,0.0,11.444444444444445,False,False,False
741,111.0,20,0.5347,False,0.0,12.333333333333332,False,False,False
742,104.0,23,0.5094,False,0.0,11.555555555555555,False,False,False
743,101.0,25,0.2305,False,0.0,11.222222222222221,False,False,False
744,108.0,20,0.2912,False,0.0,12.0,False,False,False
745,102.0,20,0.419,False,0.0,11.333333333333332,False,False,False
746,101.0,5,0.1962,False,0.0,11.222222222222221,False,False,False
747,104.0,23,0.3288,False,0.0,11.555555555555555,False,False,False
748,102.0,20,0.9456,False,0.0,11.333333333333332,True,False,False
749,113.0,20,0.5749,False,0.0,12.555555555555555,False,False,False
750,105.0,23,0.2721,False,0.0,11.666666666666666,False,False,False
751,110.0,20,0.544,False,0.0,12.222222222222221,False,False,False
752,106.0,20,0.6483,False,0.0,11.777777777777777,False,False,False
753,100.0,-1,0.2749,True,26.333333333333332,11.11111111111111,False,True,False
754,100.0,33,0.7199,False,0.0,11.11111111111111,True,False,False
755,107.0,20,0.6288,False,0.0,11.888888888888888,False,False,False
756,107.0,11,0.8666,False,0.0,11.888888888888888,True,False,False
757,108.0,20,0.8363,False,0.0,12.0,True,False,False
758,100.0,20,0.7326,False,0.0,11.11111111111111,True,False,False
759,105.0,20,0.5574,False,0.0,11.666666666666666,False,False,False
760,104.0,20,0.2674,False,0.0,11.555555555555555,False,False,False
761,102.0,10,0.6158,False,0.0,11.333333333333332,False,False,False
762,109.0,33,0.3133,False,0.0,12.11111111111111,False,False,False
763,111.0,11,0.7345,False,0.0,12.333333333333332,True,False,False
764,104.0,20,0.537,False,0.0,11.555555555555555,False,False,False
765,103.0,29,0.2078,False,0.0,11.444444444444445,False,False,False
766,106.0,20,0.8645,False,0.0,11.777777777777777,True,False,False
767,104.0,-1,0.1945,True,0.0,11.555555555555555,False,False,False
768,114.0,33,0.4158,False,0.0,12.666666666666666,False,False,False
769,102.0,11,0.3365,False,0.0,11.333333333333332,False,False,False
770,111.0,20,0.5684,False,0.0,12.333333333333332,False,False,False
771,116.0,11,0.6257,False,0.0,12.888888888888888,False,False,False
772,124.0,20,0.5338,False,0.0,13.777777777777777,False,False,False
773,101.0,20,0.6831,False,0.0,11.222222222222221,False,False,False
774,108.0,-1,0.2564,True,0.0,12.0,False,False,False
775,117.0,33,0.3946,False,0.0,13.0,False,False,False
776,100.0,11,0.5311,False,0.0,11.11111111111111,False,False,False
777,121.0,20,0.6976,False,0.0,13.444444444444443,False,False,False
778,114.0,20,0.4603,False,0.0,12.666666666666666,False,False,False
779,107.0,33,0.4277,False,0.0,11.888888888888888,False,False,False
780,107.0,10,0.7469,False,0.0,11.888888888888888,True,False,False
781,100.0,-1,0.4397,True,0.0,11.11111111111111,False,False,False
782,107.0,10,0.2435,False,0.0,11.888888888888888,False,False,False
783,109.0,33,0.3753,False,0.0,12.11111111111111,False,False,False
784,102.0,11,0.1524,False,0.0,11.333333333333332,False,False,False
785,106.0,11,0.7576,False,0.0,11.777777777777777,True,False,False
786,107.0,11,0.9388,False,0.0,11.888888888888888,True,False,False
787,110.0,33,0.1949,False,0.0,12.222222222222221,False,False,False
788,103.0,-1,0.3631,True,0.0,11.444444444444445,False,False,False
789,100.0,11,0.7197,False,0.0,11.11111111111111,True,False,False
790,101.0,-1,0.676,True,0.0,11.222222222222221,False,False,False
791,102.0,11,0.6218,False,0.0,11.333333333333332,False,False,False
792,124.0,8,0.48,False,0.0,13.777777777777777,False,False,False
793,107.0,11,0.5891,False,0.0,11.888888888888888,False,False,False
794,104.0,11,0.5537,False,0.0,11.555555555555555,False,False,False
795,106.0,33,0.4305,False,0.0,11.777777777777777,False,False,False
796,100.0,10,0.2232,False,0.0,11.11111111111111,False,False,False
797,105.0,-1,0.3719,True,36.0,11.666666666666666,False,True,False
798,101.0,20,0.8567,False,0.0,11.222222222222221,True,False,False
799,122.0,20,0.2803,False,0.0,13.555555555555555,False,False,False
800,105.0,33,0.3596,False,0.0,11.666666666666666,False,False,False
801,110.0,-1,0.4195,True,0.0,12.222222222222221,False,False,False
802,109.0,33,0.0799,False,0.0,12.11111111111111,False,False,False
803,100.0,4,0.1217,False,0.0,11.11111111111111,False,False,False
804,102.0,20,0.3143,False,0.0,11.333333333333332,False,False,False
805,125.0,31,0.1474,False,14.333333333333334,13.888888888888888,False,True,False
806,102.0,20,0.7749,False,0.0,11.333333333333332,True,False,False
807,100.0,29,0.8819,False,0.0,11.11111111111111,True,False,False
808,125.0,23,0.1587,False,0.0,13.888888888888888,False,False,False
809,102.0,20,0.3733,False,0.0,11.333333333333332,False,False,False
810,103.0,20,0.3459,False,0.0,11.444444444444445,False,False,False
811,129.0,24,0.6696,False,0.0,14.333333333333332,False,False,False
812,104.0,33,0.2859,False,0.0,11.555555555555555,False,False,False
813,131.0,24,0.4959,False,0.0,14.555555555555555,False,False,False
814,103.0,20,0.8107,False,0.0,11.444444444444445,True,False,False
815,133.0,24,0.4032,False,0.0,14.777777777777777,False,False,False
816,110.0,33,0.1642,False,0.0,12.222222222222221,False,False,False
817,100.0,29,0.3411,False,0.0,11.11111111111111,False,False,False
818,105.0,29,0.2673,False,0.0,11.666666666666666,False,False,False
819,132.0,24,0.5906,False,0.0,14.666666666666666,False,False,False
820,104.0,-1,0.5955,True,0.0,11.555555555555555,False,False,False
821,103.0,20,0.3677,False,0.0,11.444444444444445,False,False,False
822,107.0,7,0.0808,False,0.0,11.888888888888888,False,False,False
823,103.0,20,0.2298,False,0.0,11.444444444444445,False,False,False
824,136.0,24,0.5886,False,0.0,15.11111111111111,False,False,False
825,101.0,23,0.5595,False,0.0,11.222222222222221,False,False,False
826,111.0,20,0.709,False,0.0,12.333333333333332,True,False,False
827,105.0,29,0.6041,False,0.0,11.666666666666666,False,False,False
828,136.0,24,0.5275,False,0.0,15.11111111111111,False,False,False
829,101.0,20,0.3294,False,0.0,11.222222222222221,False,False,False
830,106.0,20,0.2595,False,0.0,11.777777777777777,False,False,False
831,103.0,29,0.5451,False,0.0,11.444444444444445,False,False,False
832,138.0,24,0.7912,False,0.0,15.333333333333332,True,False,False
833,104.0,3,0.2069,False,0.0,11.555555555555555,False,False,False
834,101.0,23,0.4615,False,0.0,11.222222222222221,False,False,False
835,101.0,4,0.5646,False,0.0,11.222222222222221,False,False,False
836,144.0,24,0.4037,False,0.0,16.0,False,False,False
837,101.0,20,0.3153,False,0.0,11.222222222222221,False,False,False
838,102.0,20,0.5697,False,0.0,11.333333333333332,False,False,False
839,106.0,29,0.7789,False,0.0,11.777777777777777,True,False,False
840,113.0,-1,0.7065,True,0.0,12.555555555555555,False,False,False
841,105.0,29,0.5224,False,0.0,11.666666666666666,False,False,False
842,108.0,20,0.3509,False,0.0,12.0,False,False,False
843,139.0,24,0.5739,False,0.0,15.444444444444443,False,False,False
844,101.0,29,0.5825,False,18.0,11.222222222222221,False,True,False
845,101.0,33,0.4092,False,0.0,11.222222222222221,False,False,False
846,102.0,23,0.1106,False,0.0,11.333333333333332,False,False,False
847,105.0,20,0.1654,False,0.0,11.666666666666666,False,False,False
848,123.0,-1,0.3689,True,0.0,13.666666666666666,False,False,False
849,105.0,20,0.6986,False,0.0,11.666666666666666,False,False,False
850,113.0,10,0.2651,False,0.0,12.555555555555555,False,False,False
851,119.0,20,0.7303,False,0.0,13.222222222222221,True,False,False
852,115.0,20,0.2996,False,0.0,12.777777777777777,False,False,False
853,110.0,20,0.7362,False,0.0,12.222222222222221,True,False,False
854,106.0,10,0.7163,False,0.0,11.777777777777777,True,False,False
855,110.0,10,0.4684,False,0.0,12.222222222222221,False,False,False
856,115.0,20,0.6524,False,0.0,12.777777777777777,False,False,False
857,106.0,33,0.4207,False,0.0,11.777777777777777,False,False,False
858,112.0,20,0.9164,False,0.0,12.444444444444443,True,False,False
859,112.0,10,0.5908,False,0.0,12.444444444444443,False,False,False
860,110.0,11,0.3845,False,0.0,12.222222222222221,False,False,False
861,113.0,10,0.4861,False,0.0,12.555555555555555,False,False,False
862,127.0,20,0.8903,False,0.0,14.11111111111111,True,False,False
863,103.0,20,0.5447,False,0.0,11.444444444444445,False,False,False
864,106.0,20,0.9081,False,0.0,11.777777777777777,True,False,False
865,115.0,20,0.2097,False,0.0,12.777777777777777,False,False,False
866,115.0,10,0.332,False,0.0,12.777777777777777,False,False,False
867,115.0,10,0.4618,False,0.0,12.777777777777777,False,False,False
868,133.0,20,0.4887,False,0.0,14.777777777777777,False,False,False
869,142.0,20,0.929,False,0.0,15.777777777777777,True,False,False
870,136.0,20,0.4416,False,0.0,15.11111111111111,False,False,False
871,101.0,20,0.4772,False,0.0,11.222222222222221,False,False,False
872,100.0,29,0.3159,False,0.0,11.11111111111111,False,False,False
873,100.0,20,0.9425,False,0.0,11.11111111111111,True,False,False
874,119.0,-1,0.2598,True,0.0,13.222222222222221,False,False,False
875,134.0,10,0.4498,False,0.0,14.888888888888888,False,False,False
876,119.0,11,0.3912,False,0.0,13.222222222222221,False,False,False
877,148.0,31,0.1844,False,0.0,16.444444444444443,False,False,False
878,139.0,20,0.8511,False,0.0,15.444444444444443,True,False,False
879,107.0,20,0.5942,False,0.0,11.888888888888888,False,False,False
880,120.0,10,0.2681,False,0.0,13.333333333333332,False,False,False
881,120.0,20,0.1984,False,0.0,13.333333333333332,False,False,False
882,146.0,20,0.5897,False,25.0,16.22222222222222,False,True,False
883,101.0,20,0.8792,False,0.0,11.222222222222221,True,False,False
884,105.0,36,0.3535,False,0.0,11.666666666666666,False,False,False
885,127.0,33,0.2833,False,0.0,14.11111111111111,False,False,False
886,115.0,10,0.2851,False,0.0,12.777777777777777,False,False,False
887,116.0,10,0.268,False,0.0,12.888888888888888,False,False,False
888,136.0,8,0.8716,False,0.0,15.11111111111111,True,False,False
889,140.0,20,0.2775,False,0.0,15.555555555555555,False,False,False
890,110.0,20,0.796,False,0.0,12.222222222222221,True,False,False
891,109.0,10,0.2272,False,0.0,12.11111111111111,False,False,False
892,113.0,10,0.2167,False,0.0,12.555555555555555,False,False,False
893,109.0,10,0.701,False,17.666666666666668,12.11111111111111,True,True,False
894,143.0,10,0.3346,False,0.0,15.888888888888888,False,False,False
895,145.0,11,0.3386,False,0.0,16.11111111111111,False,False,False
896,141.0,8,0.9126,False,0.0,15.666666666666666,True,False,False
897,101.0,36,0.2368,False,0.0,11.222222222222221,False,False,False
898,136.0,20,0.7602,False,0.0,15.11111111111111,True,False,False
899,158.0,10,0.1758,False,0.0,17.555555555555554,False,False,False
900,131.0,11,0.263,False,0.0,14.555555555555555,False,False,False
901,140.0,8,0.6827,False,16.0,15.555555555555555,False,True,False
902,109.0,23,0.4099,False,0.0,12.11111111111111,False,False,False
903,138.0,23,0.1446,False,0.0,15.333333333333332,False,False,False
904,128.0,10,0.3047,False,0.0,14.222222222222221,False,False,False
905,103.0,24,0.4539,False,0.0,11.444444444444445,False,False,False
906,108.0,20,0.9304,False,0.0,12.0,True,False,False
907,129.0,28,0.4794,False,0.0,14.333333333333332,False,False,False
908,106.0,20,0.7026,False,0.0,11.777777777777777,True,False,False
909,107.0,-1,0.2608,True,0.0,11.888888888888888,False,False,False
910,156.0,8,0.9336,False,15.333333333333334,17.333333333333332,True,True,False
911,108.0,10,0.2477,False,0.0,12.0,False,False,False
912,155.0,14,0.2799,False,32.666666666666664,17.22222222222222,False,True,False
913,107.0,24,0.3273,False,0.0,11.888888888888888,False,False,False
914,126.0,36,0.2241,False,30.333333333333332,14.0,False,True,False
915,110.0,20,0.5901,False,0.0,12.222222222222221,False,False,False
916,127.0,29,0.5558,False,0.0,14.11111111111111,False,False,False
917,164.0,10,0.3379,False,0.0,18.22222222222222,False,False,False
918,146.0,8,0.8575,False,0.0,16.22222222222222,True,False,False
919,104.0,23,0.478,False,0.0,11.555555555555555,False,False,False
920,115.0,20,0.5386,False,0.0,12.777777777777777,False,False,False
921,109.0,10,0.4982,False,0.0,12.11111111111111,False,False,False
922,129.0,30,0.4571,False,0.0,14.333333333333332,False,False,False
923,126.0,30,0.4941,False,0.0,14.0,False,False,False
924,157.0,10,0.5239,False,0.0,17.444444444444443,False,False,False
925,103.0,10,0.4304,False,0.0,11.444444444444445,False,False,False
926,152.0,8,0.9634,False,0.0,16.88888888888889,True,False,False
927,121.0,23,0.1992,False,21.0,13.444444444444443,False,True,False
928,108.0,20,0.8923,False,0.0,12.0,True,False,False
929,115.0,30,0.2601,False,0.0,12.777777777777777,False,False,False
930,128.0,30,0.4008,False,0.0,14.222222222222221,False,False,False
931,117.0,29,0.4095,False,20.0,13.0,False,True,False
932,143.0,11,0.4358,False,0.0,15.888888888888888,False,False,False
933,154.0,8,0.9153,False,0.0,17.11111111111111,True,False,False
934,106.0,10,0.3074,False,0.0,11.777777777777777,False,False,False
935,152.0,10,0.3074,False,0.0,16.88888888888889,False,False,False
936,104.0,29,0.707,False,18.333333333333332,11.555555555555555,True,True,False
937,120.0,23,0.3157,False,0.0,13.333333333333332,False,False,False
938,122.0,20,0.5308,False,0.0,13.555555555555555,False,False,False
939,131.0,36,0.439,False,0.0,14.555555555555555,False,False,False
940,155.0,10,0.3683,False,0.0,17.22222222222222,False,False,False
941,104.0,10,0.8582,False,0.0,11.555555555555555,True,False,False
942,151.0,8,0.9195,False,0.0,16.77777777777778,True,False,False
943,131.0,23,0.459,False,0.0,14.555555555555555,False,False,False
944,108.0,20,0.7717,False,0.0,12.0,True,False,False
945,104.0,29,0.952,False,0.0,11.555555555555555,True,False,False
946,128.0,30,0.3213,False,0.0,14.222222222222221,False,False,False
947,121.0,29,0.1378,False,0.0,13.444444444444443,False,False,False
948,126.0,10,0.2255,False,0.0,14.0,False,False,False
949,159.0,8,0.7633,False,0.0,17.666666666666664,True,False,False
950,153.0,20,0.2406,False,0.0,17.0,False,False,False
951,119.0,11,0.5121,False,0.0,13.222222222222221,False,False,False
952,106.0,11,0.2178,False,0.0,11.777777777777777,False,False,False
953,104.0,29,0.8788,False,0.0,11.555555555555555,True,False,False
954,108.0,20,0.7868,False,0.0,12.0,True,False,False
955,101.0,20,0.5466,False,0.0,11.222222222222221,False,False,False
956,123.0,23,0.3566,False,0.0,13.666666666666666,False,False,False
957,107.0,20,0.7903,False,0.0,11.888888888888888,True,False,False
958,109.0,33,0.407,False,0.0,12.11111111111111,False,False,False
959,103.0,10,0.5386,False,0.0,11.444444444444445,False,False,False
960,105.0,29,0.7373,False,0.0,11.666666666666666,True,False,False
961,117.0,10,0.2354,False,0.0,13.0,False,False,False
962,111.0,20,0.902,False,0.0,12.333333333333332,True,False,False
963,105.0,20,0.7639,False,0.0,11.666666666666666,True,False,False
964,103.0,23,0.7766,False,0.0,11.444444444444445,True,False,False
965,108.0,20,0.4856,False,0.0,12.0,False,False,False
966,107.0,10,0.3811,False,0.0,11.888888888888888,False,False,False
967,101.0,10,0.3515,False,0.0,11.222222222222221,False,False,False
968,110.0,29,0.4587,False,0.0,12.222222222222221,False,False,False
969,113.0,20,0.5638,False,0.0,12.555555555555555,False,False,False
970,123.0,10,0.4038,False,0.0,13.666666666666666,False,False,False
971,103.0,-1,0.3276,True,0.0,11.444444444444445,False,False,False
972,110.0,24,0.1603,False,0.0,12.222222222222221,False,False,False
973,137.0,24,0.324,False,0.0,15.222222222222221,False,False,False
974,100.0,23,0.4705,False,0.0,11.11111111111111,False,False,False
975,102.0,-1,0.5618,True,0.0,11.333333333333332,False,False,False
976,107.0,30,0.2111,False,0.0,11.888888888888888,False,False,False
977,111.0,20,0.7218,False,0.0,12.333333333333332,True,False,False
978,104.0,4,0.2329,False,0.0,11.555555555555555,False,False,False
979,109.0,10,0.4797,False,0.0,12.11111111111111,False,False,False
980,149.0,11,0.1689,False,0.0,16.555555555555554,False,False,False
981,102.0,11,0.1386,False,0.0,11.333333333333332,False,False,False
982,120.0,24,0.3334,False,0.0,13.333333333333332,False,False,False
983,102.0,-1,0.427,True,0.0,11.333333333333332,False,False,False
984,151.0,29,0.1533,False,0.0,16.77777777777778,False,False,False
985,151.0,10,0.2587,False,0.0,16.77777777777778,False,False,False
986,113.0,-1,0.3685,True,0.0,12.555555555555555,False,False,False
987,101.0,10,0.333,False,0.0,11.222222222222221,False,False,False
988,106.0,20,0.7311,False,0.0,11.777777777777777,True,False,False
989,121.0,24,0.7637,False,0.0,13.444444444444443,True,False,False
990,142.0,29,0.6754,False,0.0,15.777777777777777,False,False,False
991,145.0,10,0.5866,False,0.0,16.11111111111111,False,False,False
992,114.0,20,0.6929,False,0.0,12.666666666666666,False,False,False
993,105.0,10,0.8207,False,0.0,11.666666666666666,True,False,False
994,100.0,29,0.3188,False,0.0,11.11111111111111,False,False,False
995,143.0,29,0.328,False,0.0,15.888888888888888,False,False,False
996,138.0,36,0.2991,False,0.0,15.333333333333332,False,False,False
997,114.0,24,0.381,False,0.0,12.666666666666666,False,False,False
998,129.0,20,0.7702,False,0.0,14.333333333333332,True,False,False
999,110.0,2,0.2116,False,0.0,12.222222222222221,False,False,False
1000,101.0,24,0.1601,False,0.0,11.222222222222221,False,False,False
1001,125.0,20,0.8295,False,0.0,13.888888888888888,True,False,False
1002,139.0,29,0.2175,False,0.0,15.444444444444443,False,False,False
1003,139.0,10,0.2774,False,0.0,15.444444444444443,False,False,False
1004,104.0,-1,0.2171,True,0.0,11.555555555555555,False,False,False
1005,118.0,20,0.4724,False,0.0,13.11111111111111,False,False,False
1006,132.0,-1,0.3064,True,0.0,14.666666666666666,False,False,False
1007,115.0,-1,0.249,True,0.0,12.777777777777777,False,False,False
1008,125.0,24,0.3478,False,0.0,13.888888888888888,False,False,False
1009,104.0,23,0.4484,False,0.0,11.555555555555555,False,False,False
1010,129.0,29,0.249,False,0.0,14.333333333333332,False,False,False
1011,149.0,36,0.3015,False,0.0,16.555555555555554,False,False,False
1012,111.0,-1,0.341,True,0.0,12.333333333333332,False,False,False
1013,100.0,-1,0.5588,True,0.0,11.11111111111111,False,False,False
1014,150.0,-1,0.3112,True,25.0,16.666666666666664,False,True,False
1015,117.0,20,0.8736,False,0.0,13.0,True,False,False
1016,123.0,20,0.7499,False,0.0,13.666666666666666,True,False,False
1017,141.0,-1,0.2285,True,0.0,15.666666666666666,False,False,False
1018,117.0,-1,0.3728,True,0.0,13.0,False,False,False
1019,114.0,20,0.5025,False,0.0,12.666666666666666,False,False,False
1020,129.0,10,0.2038,False,0.0,14.333333333333332,False,False,False
1021,106.0,10,0.1596,False,0.0,11.777777777777777,False,False,False
1022,147.0,-1,0.3008,True,0.0,16.333333333333332,False,False,False
1023,126.0,36,0.2992,False,0.0,14.0,False,False,False
1024,129.0,4,0.3071,False,0.0,14.333333333333332,False,False,False
1025,118.0,28,0.1463,False,0.0,13.11111111111111,False,False,False
1026,119.0,-1,0.5143,True,0.0,13.222222222222221,False,False,False
1027,151.0,-1,0.2699,True,0.0,16.77777777777778,False,False,False
1028,119.0,20,0.359,False,0.0,13.222222222222221,False,False,False
1029,148.0,-1,0.2546,True,0.0,16.444444444444443,False,False,False
1030,104.0,23,0.4869,False,0.0,11.555555555555555,False,False,False
1031,120.0,10,0.1625,False,0.0,13.333333333333332,False,False,False
1032,120.0,20,0.422,False,0.0,13.333333333333332,False,False,False
1033,167.0,20,0.3034,False,0.0,18.555555555555554,False,False,False
1034,117.0,30,0.4497,False,0.0,13.0,False,False,False
1035,106.0,5,0.2132,False,0.0,11.777777777777777,False,False,False
1036,103.0,20,0.6785,False,0.0,11.444444444444445,False,False,False
1037,124.0,14,0.3373,False,0.0,13.777777777777777,False,False,False
1038,120.0,20,0.9446,False,0.0,13.333333333333332,True,False,False
1039,120.0,11,0.1404,False,0.0,13.333333333333332,False,False,False
1040,100.0,10,0.165,False,0.0,11.11111111111111,False,False,False
1041,101.0,20,0.5097,False,0.0,11.222222222222221,False,False,False
1042,126.0,20,0.8912,False,0.0,14.0,True,False,False
1043,133.0,36,0.1739,False,0.0,14.777777777777777,False,False,False
1044,103.0,20,0.1464,False,0.0,11.444444444444445,False,False,False
1045,108.0,-1,0.3728,True,0.0,12.0,False,False,False
1046,128.0,20,0.6113,False,0.0,14.222222222222221,False,False,False
1047,105.0,24,0.5826,False,0.0,11.666666666666666,False,False,False
1048,127.0,11,0.5018,False,12.0,14.11111111111111,False,True,False
1049,133.0,20,0.979,False,0.0,14.777777777777777,True,False,False
1050,107.0,20,0.4537,False,0.0,11.888888888888888,False,False,False
1051,100.0,-1,0.1819,True,0.0,11.11111111111111,False,False,False
1052,101.0,14,0.2484,False,0.0,11.222222222222221,False,False,False
1053,118.0,-1,0.5618,True,0.0,13.11111111111111,False,False,False
1054,136.0,20,0.7756,False,0.0,15.11111111111111,True,False,False
1055,134.0,11,0.1664,False,0.0,14.888888888888888,False,False,False
1056,100.0,11,0.3069,False,0.0,11.11111111111111,False,False,False
1057,137.0,28,0.2778,False,0.0,15.222222222222221,False,False,False
1058,101.0,10,0.1688,False,0.0,11.222222222222221,False,False,False
1059,146.0,20,0.5874,False,26.0,16.22222222222222,False,True,False
1060,115.0,-1,0.2868,True,0.0,12.777777777777777,False,False,False
1061,139.0,20,0.9711,False,0.0,15.444444444444443,True,False,False
1062,148.0,11,0.3798,False,0.0,16.444444444444443,False,False,False
1063,101.0,10,0.3047,False,0.0,11.222222222222221,False,False,False
1064,100.0,11,0.4064,False,0.0,11.11111111111111,False,False,False
1065,110.0,56,0.2157,False,0.0,12.222222222222221,False,False,False
1066,106.0,14,0.1721,False,0.0,11.777777777777777,False,False,False
1067,105.0,56,0.2671,False,0.0,11.666666666666666,False,False,False
1068,161.0,23,0.2513,False,0.0,17.88888888888889,False,False,False
1069,126.0,20,0.3361,False,0.0,14.0,False,False,False
1070,161.0,20,0.2163,False,0.0,17.88888888888889,False,False,False
1071,107.0,11,0.7297,False,0.0,11.888888888888888,True,False,False
1072,159.0,20,0.4908,False,0.0,17.666666666666664,False,False,False
1073,105.0,-1,0.4616,True,29.666666666666668,11.666666666666666,False,True,False
1074,152.0,20,0.2006,False,0.0,16.88888888888889,False,False,False
1075,124.0,31,0.3622,False,0.0,13.777777777777777,False,False,False
1076,113.0,1,0.1521,False,0.0,12.555555555555555,False,False,False
1077,157.0,23,0.4218,False,0.0,17.444444444444443,False,False,False
1078,154.0,20,0.6651,False,0.0,17.11111111111111,False,False,False
1079,111.0,10,0.2231,False,0.0,12.333333333333332,False,False,False
1080,130.0,34,0.2284,False,0.0,14.444444444444443,False,False,False
1081,111.0,14,0.2118,False,0.0,12.333333333333332,False,False,False
1082,163.0,5,0.2133,False,0.0,18.11111111111111,False,False,False
1083,125.0,34,0.1387,False,0.0,13.888888888888888,False,False,False
1084,160.0,10,0.3084,False,0.0,17.77777777777778,False,False,False
1085,121.0,50,0.434,False,0.0,13.444444444444443,False,False,False
1086,104.0,1,0.2279,False,0.0,11.555555555555555,False,False,False
1087,101.0,-1,0.2581,True,0.0,11.222222222222221,False,False,False
1088,100.0,23,0.3262,False,0.0,11.11111111111111,False,False,False
1089,119.0,23,0.2285,False,0.0,13.222222222222221,False,False,False
1090,117.0,23,0.4132,False,0.0,13.0,False,False,False
1091,118.0,6,0.345,False,0.0,13.11111111111111,False,False,False
1092,157.0,10,0.2254,False,0.0,17.444444444444443,False,False,False
1093,153.0,10,0.3016,False,0.0,17.0,False,False,False
1094,127.0,4,0.1789,False,0.0,14.11111111111111,False,False,False
1095,110.0,-1,0.3573,True,0.0,12.222222222222221,False,False,False
1096,103.0,-1,0.2822,True,0.0,11.444444444444445,False,False,False
1097,102.0,29,0.3885,False,0.0,11.333333333333332,False,False,False
1098,146.0,-1,0.1587,True,0.0,16.22222222222222,False,False,False
1099,120.0,30,0.2386,False,0.0,13.333333333333332,False,False,False
1100,108.0,-1,0.4155,True,0.0,12.0,False,False,False
1101,163.0,23,0.24,False,0.0,18.11111111111111,False,False,False
1102,149.0,10,0.4485,False,0.0,16.555555555555554,False,False,False
1103,128.0,33,0.4375,False,0.0,14.222222222222221,False,False,False
1104,109.0,10,0.5275,False,0.0,12.11111111111111,False,False,False
1105,114.0,-1,0.2482,True,0.0,12.666666666666666,False,False,False
1106,100.0,20,0.4032,False,0.0,11.11111111111111,False,False,False
1107,109.0,-1,0.4662,True,0.0,12.11111111111111,False,False,False
1108,106.0,23,0.586,False,0.0,11.777777777777777,False,False,False
1109,986.0,-1,0.7434,True,0.0,109.55555555555554,False,False,False
1110,1019.0,-1,0.7347,True,0.0,113.22222222222221,False,False,False
1111,108.0,-1,0.6854,True,46.0,12.0,False,True,False
1112,1014.0,-1,0.7507,True,0.0,112.66666666666666,False,False,False
1113,110.0,4,0.5004,False,0.0,12.222222222222221,False,False,False
1114,108.0,4,0.7108,False,0.0,12.0,True,False,False
1115,113.0,-1,0.409,True,0.0,12.555555555555555,False,False,False
1116,100.0,14,0.1928,False,0.0,11.11111111111111,False,False,False
1117,105.0,29,0.8567,False,0.0,11.666666666666666,True,False,False
1118,100.0,29,0.4847,False,0.0,11.11111111111111,False,False,False
1119,107.0,29,0.8205,False,0.0,11.888888888888888,True,False,False
1120,108.0,10,0.3117,False,0.0,12.0,False,False,False
1121,101.0,20,0.5601,False,0.0,11.222222222222221,False,False,False
1122,156.0,20,0.6253,False,0.0,17.333333333333332,False,False,False
1123,102.0,20,0.7023,False,0.0,11.333333333333332,True,False,False
1124,102.0,-1,0.9285,True,0.0,11.333333333333332,False,False,False
1125,111.0,23,0.1498,False,0.0,12.333333333333332,False,False,False
1126,132.0,-1,0.3444,True,0.0,14.666666666666666,False,False,False
1127,147.0,11,0.7946,False,0.0,16.333333333333332,True,False,False
1128,114.0,23,0.3379,False,0.0,12.666666666666666,False,False,False
1129,160.0,20,0.5223,False,0.0,17.77777777777778,False,False,False
1130,159.0,11,0.5496,False,0.0,17.666666666666664,False,False,False
1131,100.0,23,0.3118,False,0.0,11.11111111111111,False,False,False
1132,108.0,10,0.1864,False,0.0,12.0,False,False,False
1133,102.0,-1,0.938,True,0.0,11.333333333333332,False,False,False
1134,101.0,23,0.3287,False,0.0,11.222222222222221,False,False,False
1135,134.0,10,0.7833,False,0.0,14.888888888888888,True,False,False
1136,100.0,10,0.6588,False,0.0,11.11111111111111,False,False,False
1137,111.0,20,0.5007,False,0.0,12.333333333333332,False,False,False
1138,111.0,24,0.518,False,0.0,12.333333333333332,False,False,False
1139,106.0,20,0.4836,False,0.0,11.777777777777777,False,False,False
1140,110.0,-1,0.4017,True,0.0,12.222222222222221,False,False,False
1141,106.0,29,0.4495,False,0.0,11.777777777777777,False,False,False
1142,136.0,11,0.8929,False,0.0,15.11111111111111,True,False,False
1143,100.0,23,0.7075,False,0.0,11.11111111111111,True,False,False
1144,101.0,10,0.5896,False,0.0,11.222222222222221,False,False,False
1145,104.0,20,0.2729,False,0.0,11.555555555555555,False,False,False
1146,134.0,20,0.6734,False,0.0,14.888888888888888,False,False,False
1147,111.0,-1,0.6424,True,0.0,12.333333333333332,False,False,False
1148,101.0,29,0.4057,False,0.0,11.222222222222221,False,False,False
1149,124.0,11,0.5694,False,0.0,13.777777777777777,False,False,False
1150,100.0,-1,0.9473,True,0.0,11.11111111111111,False,False,False
1151,101.0,23,0.7742,False,0.0,11.222222222222221,True,False,False
1152,109.0,9,0.2598,False,0.0,12.11111111111111,False,False,False
1153,137.0,20,0.5515,False,0.0,15.222222222222221,False,False,False
1154,107.0,10,0.5658,False,0.0,11.888888888888888,False,False,False
1155,126.0,10,0.4022,False,0.0,14.0,False,False,False
1156,105.0,-1,0.9325,True,0.0,11.666666666666666,False,False,False
1157,108.0,23,0.7975,False,0.0,12.0,True,False,False
1158,101.0,10,0.6242,False,0.0,11.222222222222221,False,False,False
1159,103.0,-1,0.5539,True,0.0,11.444444444444445,False,False,False
1160,125.0,10,0.4622,False,0.0,13.888888888888888,False,False,False
1161,144.0,20,0.6236,False,0.0,16.0,False,False,False
1162,103.0,29,0.2975,False,15.0,11.444444444444445,False,True,False
1163,108.0,-1,0.5065,True,0.0,12.0,False,False,False
1164,105.0,20,0.2013,False,0.0,11.666666666666666,False,False,False
1165,130.0,11,0.7724,False,0.0,14.444444444444443,True,False,False
1166,125.0,10,0.7504,False,0.0,13.888888888888888,True,False,False
1167,114.0,-1,0.6627,True,0.0,12.666666666666666,False,False,False
1168,112.0,10,0.5446,False,0.0,12.444444444444443,False,False,False
1169,105.0,20,0.2938,False,0.0,11.666666666666666,False,False,False
1170,145.0,24,0.4691,False,0.0,16.11111111111111,False,False,False
1171,104.0,23,0.589,False,0.0,11.555555555555555,False,False,False
1172,137.0,24,0.5023,False,0.0,15.222222222222221,False,False,False
1173,125.0,10,0.5846,False,0.0,13.888888888888888,False,False,False
1174,122.0,10,0.1412,False,0.0,13.555555555555555,False,False,False
1175,107.0,9,0.2512,False,0.0,11.888888888888888,False,False,False
1176,110.0,29,0.5718,False,0.0,12.222222222222221,False,False,False
1177,105.0,24,0.1461,False,0.0,11.666666666666666,False,False,False
1178,101.0,10,0.2727,False,0.0,11.222222222222221,False,False,False
1179,115.0,11,0.1923,False,0.0,12.777777777777777,False,False,False
1180,111.0,4,0.2532,False,0.0,12.333333333333332,False,False,False
1181,111.0,24,0.3555,False,0.0,12.333333333333332,False,False,False
1182,132.0,36,0.3028,False,0.0,14.666666666666666,False,False,False
1183,116.0,20,0.4682,False,0.0,12.888888888888888,False,False,False
1184,101.0,20,0.1935,False,0.0,11.222222222222221,False,False,False
1185,107.0,10,0.5839,False,0.0,11.888888888888888,False,False,False
1186,130.0,23,0.1895,False,0.0,14.444444444444443,False,False,False
1187,118.0,24,0.6753,False,0.0,13.11111111111111,False,False,False
1188,108.0,29,0.7032,False,0.0,12.0,True,False,False
1189,102.0,10,0.3773,False,0.0,11.333333333333332,False,False,False
1190,105.0,20,0.6967,False,0.0,11.666666666666666,False,False,False
1191,127.0,24,0.5418,False,0.0,14.11111111111111,False,False,False
1192,104.0,20,0.3336,False,0.0,11.555555555555555,False,False,False
1193,115.0,24,0.2266,False,0.0,12.777777777777777,False,False,False
1194,100.0,29,0.675,False,0.0,11.11111111111111,False,False,False
1195,117.0,20,0.9035,False,0.0,13.0,True,False,False
1196,134.0,23,0.3103,False,0.0,14.888888888888888,False,False,False
1197,133.0,10,0.3292,False,0.0,14.777777777777777,False,False,False
1198,122.0,-1,0.1096,True,0.0,13.555555555555555,False,False,False
1199,128.0,-1,0.6434,True,0.0,14.222222222222221,False,False,False
1200,108.0,33,0.4392,False,0.0,12.0,False,False,False
1201,127.0,24,0.4438,False,0.0,14.11111111111111,False,False,False
1202,159.0,8,0.9118,False,0.0,17.666666666666664,True,False,False
1203,131.0,6,0.172,False,0.0,14.555555555555555,False,False,False
1204,101.0,-1,0.2794,True,0.0,11.222222222222221,False,False,False
1205,107.0,20,0.1487,False,0.0,11.888888888888888,False,False,False
1206,140.0,10,0.5305,False,0.0,15.555555555555555,False,False,False
1207,128.0,36,0.88,False,0.0,14.222222222222221,True,False,False
1208,103.0,29,0.4435,False,0.0,11.444444444444445,False,False,False
1209,143.0,24,0.3736,False,0.0,15.888888888888888,False,False,False
1210,135.0,11,0.1302,False,0.0,15.0,False,False,False
1211,154.0,8,0.9073,False,0.0,17.11111111111111,True,False,False
1212,105.0,29,0.4887,False,0.0,11.666666666666666,False,False,False
1213,128.0,10,0.2207,False,0.0,14.222222222222221,False,False,False
1214,143.0,8,0.8437,False,0.0,15.888888888888888,True,False,False
1215,106.0,29,0.9166,False,0.0,11.777777777777777,True,False,False
1216,132.0,10,0.2862,False,0.0,14.666666666666666,False,False,False
1217,138.0,20,0.5171,False,0.0,15.333333333333332,False,False,False
1218,116.0,36,0.4701,False,0.0,12.888888888888888,False,False,False
1219,111.0,29,0.6092,False,0.0,12.333333333333332,False,False,False
1220,133.0,8,0.4109,False,0.0,14.777777777777777,False,False,False
1221,107.0,11,0.5742,False,0.0,11.888888888888888,False,False,False
1222,123.0,10,0.6465,False,0.0,13.666666666666666,False,False,False
1223,125.0,11,0.3473,False,0.0,13.888888888888888,False,False,False
1224,103.0,29,0.7641,False,0.0,11.444444444444445,True,False,False
1225,138.0,33,0.4096,False,0.0,15.333333333333332,False,False,False
1226,102.0,-1,0.389,True,0.0,11.333333333333332,False,False,False
1227,111.0,29,0.2837,False,0.0,12.333333333333332,False,False,False
1228,115.0,33,0.2063,False,0.0,12.777777777777777,False,False,False
1229,110.0,36,0.1557,False,18.333333333333332,12.222222222222221,False,True,False
1230,121.0,11,0.4453,False,0.0,13.444444444444443,False,False,False
1231,106.0,23,0.3369,False,0.0,11.777777777777777,False,False,False
1232,106.0,29,0.784,False,23.333333333333332,11.777777777777777,True,True,False
1233,100.0,5,0.2134,False,0.0,11.11111111111111,False,False,False
1234,103.0,20,0.5079,False,0.0,11.444444444444445,False,False,False
1235,104.0,30,0.2868,False,0.0,11.555555555555555,False,False,False
1236,105.0,29,0.8891,False,0.0,11.666666666666666,True,False,False
1237,106.0,10,0.3603,False,0.0,11.777777777777777,False,False,False
1238,115.0,8,0.4837,False,0.0,12.777777777777777,False,False,False
1239,105.0,23,0.2259,False,0.0,11.666666666666666,False,False,False
1240,115.0,20,0.3607,False,0.0,12.777777777777777,False,False,False
1241,135.0,-1,0.4267,True,0.0,15.0,False,False,False
1242,124.0,10,0.5182,False,0.0,13.777777777777777,False,False,False
1243,125.0,8,0.8205,False,0.0,13.888888888888888,True,False,False
1244,110.0,23,0.2502,False,0.0,12.222222222222221,False,False,False
1245,101.0,-1,0.3573,True,0.0,11.222222222222221,False,False,False
1246,122.0,20,0.353,False,0.0,13.555555555555555,False,False,False
1247,123.0,10,0.3551,False,0.0,13.666666666666666,False,False,False
1248,108.0,20,0.7113,False,17.333333333333332,12.0,True,True,False
1249,120.0,8,0.6901,False,0.0,13.333333333333332,False,False,False
1250,121.0,11,0.5956,False,18.333333333333332,13.444444444444443,False,True,False
1251,102.0,11,0.8634,False,0.0,11.333333333333332,True,False,False
1252,109.0,29,0.8461,False,0.0,12.11111111111111,True,False,False
1253,107.0,23,0.2606,False,16.666666666666668,11.888888888888888,False,True,False
1254,102.0,10,0.2144,False,0.0,11.333333333333332,False,False,False
1255,109.0,20,0.5671,False,0.0,12.11111111111111,False,False,False
1256,124.0,20,0.8939,False,17.333333333333332,13.777777777777777,True,True,False
1257,102.0,11,0.2722,False,0.0,11.333333333333332,False,False,False
1258,103.0,11,0.1534,False,0.0,11.444444444444445,False,False,False
1259,128.0,20,0.6778,False,0.0,14.222222222222221,False,False,False
1260,107.0,29,0.8168,False,0.0,11.888888888888888,True,False,False
1261,103.0,11,0.3979,False,0.0,11.444444444444445,False,False,False
1262,110.0,29,0.8386,False,0.0,12.222222222222221,True,False,False
1263,117.0,10,0.4465,False,0.0,13.0,False,False,False
1264,117.0,20,0.8299,False,16.333333333333332,13.0,True,True,False
1265,102.0,-1,0.3248,True,0.0,11.333333333333332,False,False,False
1266,157.0,8,0.4482,False,15.0,17.444444444444443,False,True,False
1267,106.0,31,0.1466,False,0.0,11.777777777777777,False,False,False
1268,101.0,20,0.8005,False,0.0,11.222222222222221,True,False,False
1269,106.0,29,0.8311,False,0.0,11.777777777777777,True,False,False
1270,103.0,-1,0.3886,True,0.0,11.444444444444445,False,False,False
1271,100.0,31,0.1847,False,0.0,11.11111111111111,False,False,False
1272,108.0,29,0.7537,False,15.666666666666666,12.0,True,True,False
1273,114.0,11,0.4567,False,16.333333333333332,12.666666666666666,False,True,False
1274,120.0,20,0.7901,False,16.666666666666668,13.333333333333332,True,True,False
1275,119.0,20,0.9465,False,0.0,13.222222222222221,True,False,False
1276,114.0,11,0.2661,False,16.333333333333332,12.666666666666666,False,True,False
1277,161.0,8,0.8656,False,0.0,17.88888888888889,True,False,False
1278,110.0,29,0.7877,False,0.0,12.222222222222221,True,False,False
1279,106.0,20,0.9305,False,0.0,11.777777777777777,True,False,False
1280,101.0,-1,0.5114,True,0.0,11.222222222222221,False,False,False
1281,117.0,20,0.9735,False,0.0,13.0,True,False,False
1282,118.0,29,0.2758,False,0.0,13.11111111111111,False,False,False
1283,105.0,11,0.4492,False,0.0,11.666666666666666,False,False,False
1284,101.0,11,0.6343,False,20.333333333333332,11.222222222222221,False,True,False
1285,131.0,-1,0.2678,True,0.0,14.555555555555555,False,False,False
1286,162.0,8,0.9424,False,0.0,18.0,True,False,False
1287,108.0,29,0.5421,False,0.0,12.0,False,False,False
1288,115.0,20,0.9047,False,0.0,12.777777777777777,True,False,False
1289,100.0,36,0.3323,False,0.0,11.11111111111111,False,False,False
1290,112.0,29,0.7196,False,0.0,12.444444444444443,True,False,False
1291,128.0,33,0.5971,False,0.0,14.222222222222221,False,False,False
1292,135.0,29,0.7869,False,0.0,15.0,True,False,False
1293,122.0,20,0.4793,False,16.333333333333332,13.555555555555555,False,True,False
1294,119.0,4,0.2267,False,0.0,13.222222222222221,False,False,False
1295,117.0,29,0.4705,False,0.0,13.0,False,False,False
1296,112.0,36,0.1622,False,0.0,12.444444444444443,False,False,False
1297,109.0,14,0.6868,False,0.0,12.11111111111111,False,False,False
1298,110.0,6,0.1385,False,0.0,12.222222222222221,False,False,False
1299,108.0,20,0.8047,False,0.0,12.0,True,False,False
1300,123.0,50,0.2266,False,0.0,13.666666666666666,False,False,False
1301,112.0,-1,0.4045,True,0.0,12.444444444444443,False,False,False
1302,110.0,50,0.1187,False,0.0,12.222222222222221,False,False,False
1303,111.0,20,0.6116,False,0.0,12.333333333333332,False,False,False
1304,111.0,5,0.1831,False,0.0,12.333333333333332,False,False,False
1305,103.0,11,0.2517,False,0.0,11.444444444444445,False,False,False
1306,139.0,23,0.5274,False,0.0,15.444444444444443,False,False,False
1307,121.0,16,0.2019,False,0.0,13.444444444444443,False,False,False
1308,156.0,29,0.8309,False,0.0,17.333333333333332,True,False,False
1309,109.0,5,0.3705,False,0.0,12.11111111111111,False,False,False
1310,118.0,14,0.4132,False,0.0,13.11111111111111,False,False,False
1311,117.0,28,0.1157,False,0.0,13.0,False,False,False
1312,131.0,33,0.3834,False,0.0,14.555555555555555,False,False,False
1313,117.0,-1,0.5599,True,0.0,13.0,False,False,False
1314,119.0,4,0.3149,False,0.0,13.222222222222221,False,False,False
1315,108.0,8,0.2795,False,0.0,12.0,False,False,False
1316,145.0,29,0.9887,False,0.0,16.11111111111111,True,False,False
1317,131.0,20,0.5062,False,0.0,14.555555555555555,False,False,False
1318,133.0,29,0.8126,False,0.0,14.777777777777777,True,False,False
1319,115.0,14,0.5844,False,0.0,12.777777777777777,False,False,False
1320,122.0,30,0.2443,False,0.0,13.555555555555555,False,False,False
1321,111.0,11,0.2885,False,0.0,12.333333333333332,False,False,False
1322,109.0,23,0.7404,False,0.0,12.11111111111111,True,False,False
1323,112.0,20,0.3688,False,0.0,12.444444444444443,False,False,False
1324,134.0,29,0.9522,False,0.0,14.888888888888888,True,False,False
1325,154.0,29,0.927,False,20.333333333333332,17.11111111111111,True,True,False
1326,128.0,20,0.5694,False,0.0,14.222222222222221,False,False,False
1327,113.0,30,0.175,False,0.0,12.555555555555555,False,False,False
1328,111.0,23,0.1725,False,0.0,12.333333333333332,False,False,False
1329,107.0,10,0.3208,False,0.0,11.888888888888888,False,False,False
1330,101.0,29,0.1679,False,0.0,11.222222222222221,False,False,False
1331,103.0,-1,0.3259,True,0.0,11.444444444444445,False,False,False
1332,155.0,20,0.3127,False,0.0,17.22222222222222,False,False,False
1333,106.0,-1,0.6356,True,0.0,11.777777777777777,False,False,False
1334,103.0,10,0.3821,False,0.0,11.444444444444445,False,False,False
1335,132.0,29,0.977,False,0.0,14.666666666666666,True,False,False
1336,102.0,10,0.2732,False,0.0,11.333333333333332,False,False,False
1337,130.0,20,0.1231,False,0.0,14.444444444444443,False,False,False
1338,107.0,30,0.5953,False,0.0,11.888888888888888,False,False,False
1339,116.0,23,0.2801,False,0.0,12.888888888888888,False,False,False
1340,110.0,10,0.3939,False,0.0,12.222222222222221,False,False,False
1341,100.0,-1,0.9246,True,0.0,11.11111111111111,False,False,False
1342,139.0,29,0.9468,False,0.0,15.444444444444443,True,False,False
1343,100.0,-1,0.4084,True,0.0,11.11111111111111,False,False,False
1344,106.0,10,0.2882,False,0.0,11.777777777777777,False,False,False
1345,152.0,14,0.1646,False,0.0,16.88888888888889,False,False,False
1346,131.0,29,0.9933,False,0.0,14.555555555555555,True,False,False
1347,106.0,23,0.2272,False,0.0,11.777777777777777,False,False,False
1348,115.0,30,0.4674,False,0.0,12.777777777777777,False,False,False
1349,106.0,-1,0.3276,True,0.0,11.777777777777777,False,False,False
1350,127.0,20,0.7104,False,0.0,14.11111111111111,True,False,False
1351,146.0,29,0.9947,False,0.0,16.22222222222222,True,False,False
1352,100.0,10,0.382,False,0.0,11.11111111111111,False,False,False
1353,109.0,-1,0.1918,True,0.0,12.11111111111111,False,False,False
1354,113.0,11,0.7137,False,0.0,12.555555555555555,True,False,False
1355,101.0,30,0.3522,False,0.0,11.222222222222221,False,False,False
1356,108.0,10,0.7221,False,0.0,12.0,True,False,False
1357,137.0,29,0.8438,False,0.0,15.222222222222221,True,False,False
1358,126.0,20,0.2973,False,26.333333333333332,14.0,False,True,False
1359,102.0,-1,0.5905,True,0.0,11.333333333333332,False,False,False
1360,100.0,10,0.163,False,16.0,11.11111111111111,False,True,False
1361,109.0,11,0.2741,False,0.0,12.11111111111111,False,False,False
1362,138.0,29,0.9086,False,0.0,15.333333333333332,True,False,False
1363,109.0,14,0.4416,False,0.0,12.11111111111111,False,False,False
1364,109.0,-1,0.5414,True,0.0,12.11111111111111,False,False,False
1365,102.0,10,0.7338,False,0.0,11.333333333333332,True,False,False
1366,101.0,23,0.5376,False,0.0,11.222222222222221,False,False,False
1367,119.0,-1,0.1714,True,0.0,13.222222222222221,False,False,False
1368,128.0,29,0.5967,False,0.0,14.222222222222221,False,False,False
1369,107.0,10,0.3978,False,0.0,11.888888888888888,False,False,False
1370,101.0,-1,0.8562,True,0.0,11.222222222222221,False,False,False
1371,138.0,29,0.5783,False,0.0,15.333333333333332,False,False,False
1372,101.0,11,0.6677,False,0.0,11.222222222222221,False,False,False
1373,121.0,23,0.2174,False,0.0,13.444444444444443,False,False,False
1374,101.0,-1,0.472,True,0.0,11.222222222222221,False,False,False
1375,107.0,10,0.7437,False,0.0,11.888888888888888,True,False,False
1376,109.0,1,0.1953,False,0.0,12.11111111111111,False,False,False
1377,103.0,20,0.4207,False,0.0,11.444444444444445,False,False,False
1378,121.0,-1,0.7007,True,0.0,13.444444444444443,False,False,False
1379,120.0,20,0.6573,False,0.0,13.333333333333332,False,False,False
1380,118.0,30,0.4657,False,0.0,13.11111111111111,False,False,False
1381,140.0,20,0.3156,False,0.0,15.555555555555555,False,False,False
1382,112.0,23,0.2275,False,0.0,12.444444444444443,False,False,False
1383,108.0,10,0.441,False,0.0,12.0,False,False,False
1384,101.0,-1,0.1883,True,0.0,11.222222222222221,False,False,False
1385,120.0,29,0.4805,False,0.0,13.333333333333332,False,False,False
1386,114.0,10,0.2296,False,0.0,12.666666666666666,False,False,False
1387,118.0,20,0.9315,False,0.0,13.11111111111111,True,False,False
1388,102.0,10,0.368,False,0.0,11.333333333333332,False,False,False
1389,120.0,10,0.6062,False,0.0,13.333333333333332,False,False,False
1390,127.0,-1,0.161,True,15.333333333333334,14.11111111111111,False,True,False
1391,125.0,29,0.8087,False,0.0,13.888888888888888,True,False,False
1392,120.0,20,0.4392,False,0.0,13.333333333333332,False,False,False
1393,101.0,-1,0.485,True,0.0,11.222222222222221,False,False,False
1394,116.0,11,0.261,False,0.0,12.888888888888888,False,False,False
1395,105.0,20,0.9303,False,0.0,11.666666666666666,True,False,False
1396,107.0,29,0.4606,False,0.0,11.888888888888888,False,False,False
1397,115.0,20,0.2194,False,0.0,12.777777777777777,False,False,False
1398,112.0,31,0.2995,False,0.0,12.444444444444443,False,False,False
1399,138.0,24,0.3073,False,0.0,15.333333333333332,False,False,False
1400,114.0,23,0.4591,False,0.0,12.666666666666666,False,False,False
1401,126.0,29,0.3754,False,0.0,14.0,False,False,False
1402,115.0,20,0.5354,False,0.0,12.777777777777777,False,False,False
1403,112.0,10,0.2501,False,0.0,12.444444444444443,False,False,False
1404,110.0,-1,0.6836,True,0.0,12.222222222222221,False,False,False
1405,103.0,20,0.6184,False,0.0,11.444444444444445,False,False,False
1406,118.0,-1,0.7041,True,0.0,13.11111111111111,False,False,False
1407,107.0,29,0.6569,False,0.0,11.888888888888888,False,False,False
1408,122.0,10,0.6281,False,0.0,13.555555555555555,False,False,False
1409,107.0,30,0.4851,False,0.0,11.888888888888888,False,False,False
1410,121.0,-1,0.3618,True,0.0,13.444444444444443,False,False,False
1411,125.0,20,0.9261,False,0.0,13.888888888888888,True,False,False
1412,118.0,5,0.2487,False,0.0,13.11111111111111,False,False,False
1413,113.0,-1,0.7054,True,0.0,12.555555555555555,False,False,False
1414,118.0,30,0.4348,False,0.0,13.11111111111111,False,False,False
1415,115.0,10,0.3339,False,0.0,12.777777777777777,False,False,False
1416,120.0,14,0.3475,False,0.0,13.333333333333332,False,False,False
1417,100.0,-1,0.3974,True,0.0,11.11111111111111,False,False,False
1418,111.0,20,0.5222,False,0.0,12.333333333333332,False,False,False
1419,116.0,10,0.6501,False,0.0,12.888888888888888,False,False,False
1420,114.0,20,0.2628,False,0.0,12.666666666666666,False,False,False
1421,104.0,23,0.7401,False,0.0,11.555555555555555,True,False,False
1422,113.0,23,0.4201,False,10.0,12.555555555555555,False,True,False
1423,133.0,20,0.5847,False,0.0,14.777777777777777,False,False,False
1424,122.0,29,0.9171,False,0.0,13.555555555555555,True,False,False
1425,112.0,11,0.4096,False,0.0,12.444444444444443,False,False,False
1426,116.0,-1,0.3777,True,0.0,12.888888888888888,False,False,False
1427,109.0,20,0.3604,False,0.0,12.11111111111111,False,False,False
1428,112.0,20,0.4828,False,0.0,12.444444444444443,False,False,False
1429,118.0,10,0.5294,False,0.0,13.11111111111111,False,False,False
1430,104.0,4,0.1718,False,0.0,11.555555555555555,False,False,False
1431,104.0,23,0.2822,False,0.0,11.555555555555555,False,False,False
1432,104.0,-1,0.6097,True,0.0,11.555555555555555,False,False,False
1433,116.0,20,0.826,False,0.0,12.888888888888888,True,False,False
1434,112.0,-1,0.4577,True,0.0,12.444444444444443,False,False,False
1435,106.0,23,0.4004,False,0.0,11.777777777777777,False,False,False
1436,122.0,24,0.663,False,0.0,13.555555555555555,False,False,False
1437,111.0,8,0.6148,False,0.0,12.333333333333332,False,False,False
1438,130.0,29,0.7386,False,0.0,14.444444444444443,True,False,False
1439,109.0,29,0.6086,False,0.0,12.11111111111111,False,False,False
1440,122.0,23,0.7086,False,0.0,13.555555555555555,True,False,False
1441,132.0,29,0.4464,False,0.0,14.666666666666666,False,False,False
1442,107.0,33,0.3558,False,0.0,11.888888888888888,False,False,False
1443,124.0,24,0.5412,False,0.0,13.777777777777777,False,False,False
1444,122.0,29,0.7746,False,0.0,13.555555555555555,True,False,False
1445,114.0,8,0.3944,False,0.0,12.666666666666666,False,False,False
1446,105.0,10,0.1696,False,0.0,11.666666666666666,False,False,False
1447,107.0,4,0.3296,False,0.0,11.888888888888888,False,False,False
1448,119.0,20,0.8551,False,18.333333333333332,13.222222222222221,True,True,False
1449,118.0,10,0.7931,False,24.666666666666668,13.11111111111111,True,True,False
1450,109.0,30,0.1958,False,0.0,12.11111111111111,False,False,False
1451,104.0,23,0.4382,False,0.0,11.555555555555555,False,False,False
1452,112.0,11,0.3933,False,0.0,12.444444444444443,False,False,False
1453,106.0,23,0.5308,False,0.0,11.777777777777777,False,False,False
1454,127.0,20,0.7438,False,0.0,14.11111111111111,True,False,False
1455,113.0,20,0.1977,False,0.0,12.555555555555555,False,False,False
1456,110.0,29,0.5885,False,0.0,12.222222222222221,False,False,False
1457,107.0,-1,0.2742,True,0.0,11.888888888888888,False,False,False
1458,102.0,-1,0.4414,True,0.0,11.333333333333332,False,False,False
1459,113.0,29,0.7833,False,0.0,12.555555555555555,True,False,False
1460,117.0,11,0.6162,False,0.0,13.0,False,False,False
1461,118.0,10,0.1612,False,26.666666666666668,13.11111111111111,False,True,False
1462,111.0,29,0.5704,False,0.0,12.333333333333332,False,False,False
1463,116.0,20,0.2999,False,20.0,12.888888888888888,False,True,False
1464,123.0,23,0.2388,False,0.0,13.666666666666666,False,False,False
1465,100.0,30,0.5974,False,0.0,11.11111111111111,False,False,False
1466,106.0,20,0.7386,False,0.0,11.777777777777777,True,False,False
1467,117.0,24,0.5291,False,0.0,13.0,False,False,False
1468,107.0,-1,0.5587,True,0.0,11.888888888888888,False,False,False
1469,105.0,11,0.3478,False,0.0,11.666666666666666,False,False,False
1470,117.0,-1,0.3301,True,0.0,13.0,False,False,False
1471,111.0,20,0.5403,False,0.0,12.333333333333332,False,False,False
1472,108.0,10,0.8929,False,0.0,12.0,True,False,False
1473,132.0,30,0.4061,False,0.0,14.666666666666666,False,False,False
1474,123.0,24,0.4084,False,0.0,13.666666666666666,False,False,False
1475,100.0,23,0.5261,False,0.0,11.11111111111111,False,False,False
1476,114.0,31,0.6381,False,16.666666666666668,12.666666666666666,False,True,False
1477,123.0,4,0.2795,False,0.0,13.666666666666666,False,False,False
1478,136.0,29,0.5697,False,0.0,15.11111111111111,False,False,False
1479,104.0,-1,0.6425,True,0.0,11.555555555555555,False,False,False
1480,105.0,23,0.5685,False,0.0,11.666666666666666,False,False,False
1481,108.0,30,0.4736,False,37.666666666666664,12.0,False,True,False
1482,121.0,10,0.7501,False,0.0,13.444444444444443,True,False,False
1483,111.0,30,0.3256,False,0.0,12.333333333333332,False,False,False
1484,107.0,20,0.8837,False,17.666666666666668,11.888888888888888,True,True,False
1485,128.0,20,0.1745,False,0.0,14.222222222222221,False,False,False
1486,131.0,29,0.2232,False,0.0,14.555555555555555,False,False,False
1487,116.0,20,0.3519,False,0.0,12.888888888888888,False,False,False
1488,100.0,20,0.4283,False,0.0,11.11111111111111,False,False,False
1489,102.0,10,0.3013,False,0.0,11.333333333333332,False,False,False
1490,104.0,23,0.4147,False,0.0,11.555555555555555,False,False,False
1491,103.0,29,0.4128,False,0.0,11.444444444444445,False,False,False
1492,118.0,10,0.5436,False,0.0,13.11111111111111,False,False,False
1493,118.0,20,0.6661,False,19.666666666666668,13.11111111111111,False,True,False
1494,137.0,29,0.8981,False,0.0,15.222222222222221,True,False,False
1495,109.0,24,0.3242,False,0.0,12.11111111111111,False,False,False
1496,109.0,20,0.2192,False,0.0,12.11111111111111,False,False,False
1497,129.0,30,0.186,False,0.0,14.333333333333332,False,False,False
1498,104.0,29,0.8464,False,0.0,11.555555555555555,True,False,False
1499,102.0,20,0.4538,False,0.0,11.333333333333332,False,False,False
1500,107.0,29,0.6385,False,0.0,11.888888888888888,False,False,False
1501,101.0,20,0.4135,False,0.0,11.222222222222221,False,False,False
1502,122.0,25,0.272,False,0.0,13.555555555555555,False,False,False
1503,124.0,23,0.2606,False,0.0,13.777777777777777,False,False,False
1504,127.0,10,0.5653,False,0.0,14.11111111111111,False,False,False
1505,149.0,2,0.3139,False,0.0,16.555555555555554,False,False,False
1506,149.0,-1,0.4679,True,0.0,16.555555555555554,False,False,False
1507,116.0,20,0.9304,False,0.0,12.888888888888888,True,False,False
1508,414.0,9,0.1292,False,0.0,46.0,False,False,False
1509,122.0,10,0.1567,False,0.0,13.555555555555555,False,False,False
1510,116.0,20,0.7897,False,0.0,12.888888888888888,True,False,False
1511,102.0,20,0.9525,False,0.0,11.333333333333332,True,False,False
1512,147.0,-1,0.1758,True,0.0,16.333333333333332,False,False,False
1513,123.0,29,0.4502,False,0.0,13.666666666666666,False,False,False
1514,121.0,20,0.2941,False,0.0,13.444444444444443,False,False,False
1515,131.0,-1,0.218,True,0.0,14.555555555555555,False,False,False
1516,153.0,2,0.3185,False,0.0,17.0,False,False,False
1517,125.0,29,0.4329,False,0.0,13.888888888888888,False,False,False
1518,104.0,-1,0.8953,True,0.0,11.555555555555555,False,False,False
1519,109.0,20,0.4622,False,0.0,12.11111111111111,False,False,False
1520,147.0,1,0.1421,False,0.0,16.333333333333332,False,False,False
1521,152.0,4,0.4946,False,0.0,16.88888888888889,False,False,False
1522,122.0,11,0.4117,False,0.0,13.555555555555555,False,False,False
1523,125.0,29,0.2253,False,0.0,13.888888888888888,False,False,False
1524,115.0,20,0.8162,False,0.0,12.777777777777777,True,False,False
1525,126.0,20,0.5295,False,15.333333333333334,14.0,False,True,False
1526,103.0,20,0.6175,False,0.0,11.444444444444445,False,False,False
1527,144.0,11,0.2045,False,0.0,16.0,False,False,False
1528,106.0,20,0.4172,False,0.0,11.777777777777777,False,False,False
1529,145.0,-1,0.1601,True,0.0,16.11111111111111,False,False,False
1530,131.0,20,0.2717,False,0.0,14.555555555555555,False,False,False
1531,140.0,4,0.3754,False,0.0,15.555555555555555,False,False,False
1532,109.0,10,0.2104,False,0.0,12.11111111111111,False,False,False
1533,110.0,33,0.4683,False,0.0,12.222222222222221,False,False,False
1534,115.0,-1,0.672,True,0.0,12.777777777777777,False,False,False
1535,104.0,7,0.5953,False,0.0,11.555555555555555,False,False,False
1536,116.0,20,0.4241,False,0.0,12.888888888888888,False,False,False
1537,117.0,33,0.4779,False,0.0,13.0,False,False,False
1538,147.0,-1,0.3758,True,0.0,16.333333333333332,False,False,False
1539,127.0,24,0.2163,False,0.0,14.11111111111111,False,False,False
1540,142.0,4,0.2913,False,0.0,15.777777777777777,False,False,False
1541,125.0,-1,0.1307,True,0.0,13.888888888888888,False,False,False
1542,120.0,29,0.9269,False,0.0,13.333333333333332,True,False,False
1543,114.0,33,0.2046,False,0.0,12.666666666666666,False,False,False
1544,118.0,-1,0.1588,True,0.0,13.11111111111111,False,False,False
1545,113.0,10,0.494,False,0.0,12.555555555555555,False,False,False
1546,145.0,-1,0.1563,True,0.0,16.11111111111111,False,False,False
1547,127.0,24,0.4445,False,0.0,14.11111111111111,False,False,False
1548,142.0,4,0.5538,False,0.0,15.777777777777777,False,False,False
1549,118.0,8,0.087,False,0.0,13.11111111111111,False,False,False
1550,146.0,-1,0.1906,True,0.0,16.22222222222222,False,False,False
1551,110.0,20,0.6789,False,0.0,12.222222222222221,False,False,False
1552,109.0,33,0.2678,False,0.0,12.11111111111111,False,False,False
1553,118.0,20,0.1817,False,12.666666666666666,13.11111111111111,False,True,False
1554,106.0,11,0.4036,False,0.0,11.777777777777777,False,False,False
1555,151.0,4,0.5029,False,0.0,16.77777777777778,False,False,False
1556,206.0,10,0.135,False,0.0,22.88888888888889,False,False,False
1557,108.0,11,0.5872,False,0.0,12.0,False,False,False
1558,117.0,11,0.2822,False,0.0,13.0,False,False,False
1559,119.0,20,0.5581,False,0.0,13.222222222222221,False,False,False
1560,145.0,-1,0.2711,True,0.0,16.11111111111111,False,False,False
1561,108.0,33,0.6643,False,17.0,12.0,False,True,False
1562,115.0,14,0.5193,False,0.0,12.777777777777777,False,False,False
1563,138.0,4,0.2572,False,0.0,15.333333333333332,False,False,False
1564,219.0,9,0.2569,False,0.0,24.333333333333332,False,False,False
1565,116.0,20,0.1934,False,0.0,12.888888888888888,False,False,False
1566,118.0,33,0.2334,False,0.0,13.11111111111111,False,False,False
1567,108.0,-1,0.2308,True,0.0,12.0,False,False,False
1568,119.0,20,0.479,False,0.0,13.222222222222221,False,False,False
1569,107.0,11,0.4134,False,0.0,11.888888888888888,False,False,False
1570,146.0,-1,0.2414,True,0.0,16.22222222222222,False,False,False
1571,142.0,4,0.3888,False,0.0,15.777777777777777,False,False,False
1572,110.0,10,0.2353,False,0.0,12.222222222222221,False,False,False
1573,112.0,14,0.3645,False,0.0,12.444444444444443,False,False,False
1574,107.0,33,0.1785,False,0.0,11.888888888888888,False,False,False
1575,105.0,11,0.8528,False,15.0,11.666666666666666,True,True,False
1576,144.0,-1,0.2456,True,0.0,16.0,False,False,False
1577,119.0,20,0.5302,False,0.0,13.222222222222221,False,False,False
1578,133.0,2,0.3683,False,0.0,14.777777777777777,False,False,False
1579,104.0,-1,0.6751,True,0.0,11.555555555555555,False,False,False
1580,126.0,20,0.3558,False,0.0,14.0,False,False,False
1581,110.0,11,0.907,False,0.0,12.222222222222221,True,False,False
1582,115.0,33,0.2,False,0.0,12.777777777777777,False,False,False
1583,146.0,1,0.1282,False,0.0,16.22222222222222,False,False,False
1584,118.0,10,0.6477,False,0.0,13.11111111111111,False,False,False
1585,104.0,29,0.1928,False,0.0,11.555555555555555,False,False,False
1586,138.0,4,0.4663,False,0.0,15.333333333333332,False,False,False
1587,103.0,20,0.401,False,0.0,11.444444444444445,False,False,False
1588,114.0,10,0.7382,False,0.0,12.666666666666666,True,False,False
1589,124.0,20,0.345,False,0.0,13.777777777777777,False,False,False
1590,112.0,11,0.2441,False,0.0,12.444444444444443,False,False,False
1591,136.0,-1,0.1849,True,0.0,15.11111111111111,False,False,False
1592,112.0,10,0.553,False,0.0,12.444444444444443,False,False,False
1593,118.0,4,0.2453,False,0.0,13.11111111111111,False,False,False
1594,104.0,10,0.3732,False,28.0,11.555555555555555,False,True,False
1595,115.0,4,0.116,False,0.0,12.777777777777777,False,False,False
1596,124.0,20,0.7817,False,0.0,13.777777777777777,True,False,False
1597,111.0,10,0.5597,False,0.0,12.333333333333332,False,False,False
1598,122.0,-1,0.3332,True,0.0,13.555555555555555,False,False,False
1599,117.0,36,0.2937,False,0.0,13.0,False,False,False
1600,126.0,20,0.4164,False,0.0,14.0,False,False,False
1601,104.0,34,0.1563,False,0.0,11.555555555555555,False,False,False
1602,108.0,10,0.7607,False,0.0,12.0,True,False,False
1603,116.0,10,0.475,False,0.0,12.888888888888888,False,False,False
1604,107.0,-1,0.5756,True,0.0,11.888888888888888,False,False,False
1605,111.0,10,0.2001,False,0.0,12.333333333333332,False,False,False
1606,108.0,10,0.538,False,0.0,12.0,False,False,False
1607,106.0,24,0.1689,False,0.0,11.777777777777777,False,False,False
1608,114.0,10,0.8489,False,0.0,12.666666666666666,True,False,False
1609,114.0,20,0.191,False,0.0,12.666666666666666,False,False,False
1610,105.0,10,0.5423,False,0.0,11.666666666666666,False,False,False
1611,133.0,20,0.359,False,0.0,14.777777777777777,False,False,False
1612,107.0,11,0.5519,False,0.0,11.888888888888888,False,False,False
1613,110.0,11,0.4313,False,0.0,12.222222222222221,False,False,False
1614,105.0,20,0.208,False,0.0,11.666666666666666,False,False,False
1615,138.0,24,0.1714,False,0.0,15.333333333333332,False,False,False
1616,114.0,10,0.5072,False,0.0,12.666666666666666,False,False,False
1617,103.0,20,0.4007,False,0.0,11.444444444444445,False,False,False
1618,104.0,10,0.1746,False,0.0,11.555555555555555,False,False,False
1619,173.0,29,0.4442,False,0.0,19.22222222222222,False,False,False
1620,133.0,20,0.4013,False,0.0,14.777777777777777,False,False,False
1621,115.0,20,0.1326,False,0.0,12.777777777777777,False,False,False
1622,102.0,20,0.3097,False,0.0,11.333333333333332,False,False,False
1623,113.0,11,0.2355,False,0.0,12.555555555555555,False,False,False
1624,115.0,10,0.8091,False,0.0,12.777777777777777,True,False,False
1625,118.0,20,0.2468,False,0.0,13.11111111111111,False,False,False
1626,112.0,23,0.2466,False,0.0,12.444444444444443,False,False,False
1627,115.0,10,0.7958,False,0.0,12.777777777777777,True,False,False
1628,112.0,34,0.1218,False,0.0,12.444444444444443,False,False,False
1629,136.0,20,0.2903,False,0.0,15.11111111111111,False,False,False
1630,117.0,10,0.9008,False,0.0,13.0,True,False,False
1631,104.0,11,0.3169,False,0.0,11.555555555555555,False,False,False
1632,103.0,24,0.3707,False,0.0,11.444444444444445,False,False,False
1633,126.0,29,0.7153,False,0.0,14.0,True,False,False
1634,151.0,4,0.1632,False,0.0,16.77777777777778,False,False,False
1635,103.0,10,0.159,False,0.0,11.444444444444445,False,False,False
1636,117.0,10,0.8682,False,0.0,13.0,True,False,False
1637,112.0,34,0.1613,False,0.0,12.444444444444443,False,False,False
1638,113.0,10,0.4604,False,0.0,12.555555555555555,False,False,False
1639,112.0,10,0.217,False,0.0,12.444444444444443,False,False,False
1640,101.0,8,0.1034,False,0.0,11.222222222222221,False,False,False
1641,136.0,24,0.2409,False,0.0,15.11111111111111,False,False,False
1642,134.0,29,0.5179,False,0.0,14.888888888888888,False,False,False
1643,112.0,23,0.6449,False,0.0,12.444444444444443,False,False,False
1644,134.0,20,0.6897,False,0.0,14.888888888888888,False,False,False
1645,110.0,10,0.5095,False,0.0,12.222222222222221,False,False,False
1646,105.0,20,0.3427,False,0.0,11.666666666666666,False,False,False
1647,115.0,10,0.2042,False,0.0,12.777777777777777,False,False,False
1648,105.0,20,0.3423,False,0.0,11.666666666666666,False,False,False
1649,104.0,20,0.2512,False,0.0,11.555555555555555,False,False,False
1650,112.0,11,0.2849,False,0.0,12.444444444444443,False,False,False
1651,110.0,20,0.8562,False,0.0,12.222222222222221,True,False,False
1652,118.0,10,0.2713,False,0.0,13.11111111111111,False,False,False
1653,120.0,20,0.6339,False,0.0,13.333333333333332,False,False,False
1654,128.0,20,0.0883,False,0.0,14.222222222222221,False,False,False
1655,109.0,5,0.6258,False,0.0,12.11111111111111,False,False,False
1656,108.0,6,0.3258,False,0.0,12.0,False,False,False
1657,107.0,20,0.9634,False,0.0,11.888888888888888,True,False,False
1658,116.0,10,0.6105,False,0.0,12.888888888888888,False,False,False
1659,114.0,28,0.2367,False,0.0,12.666666666666666,False,False,False
1660,105.0,29,0.7804,False,0.0,11.666666666666666,True,False,False
1661,117.0,10,0.2487,False,0.0,13.0,False,False,False
1662,116.0,20,0.8574,False,0.0,12.888888888888888,True,False,False
1663,113.0,14,0.3118,False,0.0,12.555555555555555,False,False,False
1664,111.0,20,0.7546,False,0.0,12.333333333333332,True,False,False
1665,109.0,30,0.58,False,0.0,12.11111111111111,False,False,False
1666,123.0,33,0.6288,False,0.0,13.666666666666666,False,False,False
1667,113.0,10,0.7158,False,0.0,12.555555555555555,True,False,False
1668,110.0,10,0.2555,False,0.0,12.222222222222221,False,False,False
1669,113.0,33,0.2886,False,0.0,12.555555555555555,False,False,False
1670,119.0,20,0.4007,False,0.0,13.222222222222221,False,False,False
1671,105.0,23,0.3458,False,0.0,11.666666666666666,False,False,False
1672,108.0,11,0.2449,False,0.0,12.0,False,False,False
1673,100.0,20,0.4255,False,0.0,11.11111111111111,False,False,False
1674,113.0,10,0.2556,False,0.0,12.555555555555555,False,False,False
1675,113.0,10,0.1657,False,0.0,12.555555555555555,False,False,False
1676,107.0,20,0.2106,False,0.0,11.888888888888888,False,False,False
1677,104.0,29,0.1817,False,0.0,11.555555555555555,False,False,False
1678,101.0,10,0.749,False,0.0,11.222222222222221,True,False,False
1679,105.0,-1,0.1054,True,0.0,11.666666666666666,False,False,False
1680,108.0,10,0.2617,False,0.0,12.0,False,False,False
1681,110.0,33,0.5034,False,0.0,12.222222222222221,False,False,False
1682,104.0,10,0.3138,False,0.0,11.555555555555555,False,False,False
1683,106.0,11,0.3876,False,0.0,11.777777777777777,False,False,False
1684,108.0,10,0.2612,False,0.0,12.0,False,False,False
1685,100.0,20,0.417,False,0.0,11.11111111111111,False,False,False
1686,102.0,20,0.9582,False,0.0,11.333333333333332,True,False,False
1687,130.0,14,0.3569,False,0.0,14.444444444444443,False,False,False
1688,109.0,10,0.4153,False,0.0,12.11111111111111,False,False,False
1689,140.0,20,0.2658,False,0.0,15.555555555555555,False,False,False
1690,113.0,20,0.4238,False,0.0,12.555555555555555,False,False,False
1691,132.0,30,0.7661,False,0.0,14.666666666666666,True,False,False
1692,104.0,11,0.3207,False,0.0,11.555555555555555,False,False,False
1693,116.0,10,0.2672,False,21.0,12.888888888888888,False,True,False
1694,113.0,20,0.5084,False,0.0,12.555555555555555,False,False,False
1695,114.0,28,0.282,False,0.0,12.666666666666666,False,False,False
1696,130.0,30,0.6196,False,0.0,14.444444444444443,False,False,False
1697,137.0,20,0.5813,False,0.0,15.222222222222221,False,False,False
1698,110.0,10,0.828,False,0.0,12.222222222222221,True,False,False
1699,100.0,-1,0.5701,True,0.0,11.11111111111111,False,False,False
1700,116.0,10,0.2973,False,0.0,12.888888888888888,False,False,False
1701,113.0,20,0.5453,False,0.0,12.555555555555555,False,False,False
1702,105.0,20,0.4395,False,0.0,11.666666666666666,False,False,False
1703,110.0,10,0.6472,False,16.0,12.222222222222221,False,True,False
1704,130.0,30,0.6102,False,0.0,14.444444444444443,False,False,False
1705,122.0,20,0.4383,False,0.0,13.555555555555555,False,False,False
1706,128.0,20,0.7961,False,0.0,14.222222222222221,True,False,False
1707,104.0,-1,0.76,True,0.0,11.555555555555555,False,False,False
1708,108.0,20,0.7424,False,0.0,12.0,True,False,False
1709,108.0,-1,0.1081,True,0.0,12.0,False,False,False
1710,120.0,-1,0.1285,True,0.0,13.333333333333332,False,False,False
1711,115.0,11,0.3077,False,0.0,12.777777777777777,False,False,False
1712,106.0,34,0.1927,False,0.0,11.777777777777777,False,False,False
1713,107.0,20,0.668,False,0.0,11.888888888888888,False,False,False
1714,128.0,-1,0.2496,True,0.0,14.222222222222221,False,False,False
1715,110.0,29,0.1611,False,0.0,12.222222222222221,False,False,False
1716,126.0,11,0.1561,False,0.0,14.0,False,False,False
1717,116.0,20,0.447,False,0.0,12.888888888888888,False,False,False
1718,111.0,-1,0.1746,True,0.0,12.333333333333332,False,False,False
1719,107.0,8,0.2181,False,0.0,11.888888888888888,False,False,False
1720,101.0,34,0.2375,False,0.0,11.222222222222221,False,False,False
1721,125.0,10,0.3906,False,0.0,13.888888888888888,False,False,False
1722,109.0,9,0.3713,False,0.0,12.11111111111111,False,False,False
1723,111.0,-1,0.5883,True,0.0,12.333333333333332,False,False,False
1724,112.0,-1,0.2693,True,0.0,12.444444444444443,False,False,False
1725,116.0,11,0.3784,False,0.0,12.888888888888888,False,False,False
1726,111.0,11,0.3948,False,0.0,12.333333333333332,False,False,False
1727,101.0,20,0.2753,False,0.0,11.222222222222221,False,False,False
1728,111.0,10,0.1758,False,0.0,12.333333333333332,False,False,False
1729,130.0,11,0.1672,False,0.0,14.444444444444443,False,False,False
1730,112.0,20,0.2399,False,0.0,12.444444444444443,False,False,False
1731,114.0,-1,0.7321,True,0.0,12.666666666666666,False,False,False
1732,110.0,11,0.3943,False,0.0,12.222222222222221,False,False,False
1733,108.0,20,0.6876,False,0.0,12.0,False,False,False
1734,115.0,-1,0.2454,True,0.0,12.777777777777777,False,False,False
1735,112.0,11,0.3971,False,0.0,12.444444444444443,False,False,False
1736,112.0,10,0.4329,False,0.0,12.444444444444443,False,False,False
1737,121.0,20,0.3864,False,0.0,13.444444444444443,False,False,False
1738,148.0,23,0.2597,False,0.0,16.444444444444443,False,False,False
1739,102.0,20,0.6983,False,0.0,11.333333333333332,False,False,False
1740,113.0,-1,0.2707,True,0.0,12.555555555555555,False,False,False
1741,112.0,25,0.2799,False,0.0,12.444444444444443,False,False,False
1742,116.0,11,0.9003,False,0.0,12.888888888888888,True,False,False
1743,109.0,11,0.5389,False,0.0,12.11111111111111,False,False,False
1744,119.0,20,0.5874,False,0.0,13.222222222222221,False,False,False
1745,122.0,11,0.6183,False,0.0,13.555555555555555,False,False,False
1746,122.0,10,0.3995,False,0.0,13.555555555555555,False,False,False
1747,120.0,4,0.2792,False,0.0,13.333333333333332,False,False,False
1748,117.0,9,0.4274,False,0.0,13.0,False,False,False
1749,118.0,11,0.4939,False,0.0,13.11111111111111,False,False,False
1750,119.0,29,0.2742,False,18.666666666666668,13.222222222222221,False,True,False
1751,118.0,-1,0.4755,True,0.0,13.11111111111111,False,False,False
1752,108.0,9,0.24,False,0.0,12.0,False,False,False
1753,116.0,11,0.28,False,0.0,12.888888888888888,False,False,False
1754,125.0,11,0.3654,False,0.0,13.888888888888888,False,False,False
1755,118.0,-1,0.2742,True,0.0,13.11111111111111,False,False,False
1756,114.0,9,0.1858,False,0.0,12.666666666666666,False,False,False
1757,113.0,24,0.3318,False,0.0,12.555555555555555,False,False,False
1758,129.0,20,0.6787,False,0.0,14.333333333333332,False,False,False
1759,116.0,11,0.8509,False,0.0,12.888888888888888,True,False,False
1760,124.0,11,0.2804,False,0.0,13.777777777777777,False,False,False
1761,101.0,10,0.3693,False,0.0,11.222222222222221,False,False,False
1762,108.0,-1,0.6977,True,0.0,12.0,False,False,False
1763,129.0,11,0.4539,False,18.0,14.333333333333332,False,True,False
1764,117.0,-1,0.4852,True,0.0,13.0,False,False,False
1765,122.0,20,0.4023,False,0.0,13.555555555555555,False,False,False
1766,124.0,23,0.701,False,0.0,13.777777777777777,True,False,False
1767,100.0,-1,0.5068,True,0.0,11.11111111111111,False,False,False
1768,102.0,-1,0.7486,True,0.0,11.333333333333332,False,False,False
1769,106.0,23,0.3569,False,0.0,11.777777777777777,False,False,False
1770,127.0,14,0.7642,False,0.0,14.11111111111111,True,False,False
1771,150.0,1,0.3676,False,0.0,16.666666666666664,False,False,False
1772,120.0,20,0.8021,False,0.0,13.333333333333332,True,False,False
1773,101.0,24,0.25,False,0.0,11.222222222222221,False,False,False
1774,128.0,10,0.7252,False,0.0,14.222222222222221,True,False,False
1775,134.0,29,0.9375,False,0.0,14.888888888888888,True,False,False
1776,110.0,24,0.5002,False,0.0,12.222222222222221,False,False,False
1777,126.0,20,0.8567,False,0.0,14.0,True,False,False
1778,154.0,-1,0.2656,True,0.0,17.11111111111111,False,False,False
1779,130.0,14,0.2844,False,0.0,14.444444444444443,False,False,False
1780,113.0,20,0.7702,False,0.0,12.555555555555555,True,False,False
1781,128.0,20,0.5663,False,0.0,14.222222222222221,False,False,False
1782,123.0,10,0.2429,False,0.0,13.666666666666666,False,False,False
1783,107.0,20,0.4104,False,0.0,11.888888888888888,False,False,False
1784,111.0,2,0.1769,False,0.0,12.333333333333332,False,False,False
1785,133.0,10,0.4244,False,0.0,14.777777777777777,False,False,False
1786,149.0,1,0.5536,False,0.0,16.555555555555554,False,False,False
1787,109.0,20,0.283,False,0.0,12.11111111111111,False,False,False
1788,107.0,20,0.8662,False,0.0,11.888888888888888,True,False,False
1789,114.0,29,0.7473,False,0.0,12.666666666666666,True,False,False
1790,110.0,24,0.1399,False,0.0,12.222222222222221,False,False,False
1791,133.0,20,0.3323,False,0.0,14.777777777777777,False,False,False
1792,129.0,24,0.2386,False,0.0,14.333333333333332,False,False,False
1793,112.0,2,0.1849,False,0.0,12.444444444444443,False,False,False
1794,110.0,29,0.9784,False,0.0,12.222222222222221,True,False,False
1795,122.0,20,0.3303,False,0.0,13.555555555555555,False,False,False
1796,135.0,20,0.3458,False,0.0,15.0,False,False,False
1797,108.0,33,0.4074,False,0.0,12.0,False,False,False
1798,105.0,29,0.5163,False,0.0,11.666666666666666,False,False,False
1799,113.0,25,0.2492,False,0.0,12.555555555555555,False,False,False
1800,101.0,16,0.3382,False,0.0,11.222222222222221,False,False,False
1801,112.0,20,0.3687,False,0.0,12.444444444444443,False,False,False
1802,108.0,20,0.3909,False,0.0,12.0,False,False,False
1803,103.0,29,0.4188,False,0.0,11.444444444444445,False,False,False
1804,140.0,20,0.2852,False,0.0,15.555555555555555,False,False,False
1805,107.0,33,0.7912,False,0.0,11.888888888888888,True,False,False
1806,119.0,5,0.2058,False,0.0,13.222222222222221,False,False,False
1807,135.0,23,0.1971,False,0.0,15.0,False,False,False
1808,119.0,10,0.2207,False,0.0,13.222222222222221,False,False,False
1809,109.0,29,0.7076,False,0.0,12.11111111111111,True,False,False
1810,123.0,5,0.152,False,0.0,13.666666666666666,False,False,False
1811,100.0,-1,0.1413,True,0.0,11.11111111111111,False,False,False
1812,119.0,8,0.8188,False,0.0,13.222222222222221,True,False,False
1813,120.0,20,0.3494,False,0.0,13.333333333333332,False,False,False
1814,108.0,20,0.8807,False,0.0,12.0,True,False,False
1815,104.0,29,0.8684,False,0.0,11.555555555555555,True,False,False
1816,123.0,20,0.8583,False,0.0,13.666666666666666,True,False,False
1817,117.0,20,0.1061,False,0.0,13.0,False,False,False
1818,103.0,29,0.8526,False,31.0,11.444444444444445,True,True,False
1819,107.0,20,0.8769,False,0.0,11.888888888888888,True,False,False
1820,102.0,24,0.1486,False,0.0,11.333333333333332,False,False,False
1821,102.0,29,0.3331,False,0.0,11.333333333333332,False,False,False
1822,116.0,20,0.5282,False,0.0,12.888888888888888,False,False,False
1823,123.0,8,0.6695,False,0.0,13.666666666666666,False,False,False
1824,101.0,20,0.4011,False,0.0,11.222222222222221,False,False,False
1825,107.0,20,0.3298,False,0.0,11.888888888888888,False,False,False
1826,140.0,20,0.5898,False,0.0,15.555555555555555,False,False,False
1827,122.0,31,0.3991,False,0.0,13.555555555555555,False,False,False
1828,112.0,20,0.2384,False,0.0,12.444444444444443,False,False,False
1829,104.0,29,0.3701,False,0.0,11.555555555555555,False,False,False
1830,104.0,29,0.2222,False,0.0,11.555555555555555,False,False,False
1831,101.0,-1,0.7129,True,0.0,11.222222222222221,False,False,False
1832,103.0,-1,0.2756,True,0.0,11.444444444444445,False,False,False
1833,126.0,20,0.3107,False,0.0,14.0,False,False,False
1834,111.0,29,0.4662,False,0.0,12.333333333333332,False,False,False
1835,108.0,29,0.6199,False,0.0,12.0,False,False,False
1836,109.0,20,0.2595,False,0.0,12.11111111111111,False,False,False
1837,107.0,23,0.6614,False,0.0,11.888888888888888,False,False,False
1838,115.0,29,0.3843,False,0.0,12.777777777777777,False,False,False
1839,106.0,24,0.3826,False,0.0,11.777777777777777,False,False,False
1840,129.0,31,0.2434,False,0.0,14.333333333333332,False,False,False
1841,100.0,-1,0.7399,True,0.0,11.11111111111111,False,False,False
1842,131.0,24,0.4134,False,0.0,14.555555555555555,False,False,False
1843,125.0,7,0.1919,False,0.0,13.888888888888888,False,False,False
1844,111.0,23,0.6817,False,0.0,12.333333333333332,False,False,False
1845,103.0,29,0.8728,False,0.0,11.444444444444445,True,False,False
1846,102.0,-1,0.4946,True,0.0,11.333333333333332,False,False,False
1847,121.0,29,0.8969,False,0.0,13.444444444444443,True,False,False
1848,111.0,23,0.718,False,0.0,12.333333333333332,True,False,False
1849,133.0,24,0.4707,False,0.0,14.777777777777777,False,False,False
1850,112.0,6,0.1718,False,0.0,12.444444444444443,False,False,False
1851,124.0,30,0.163,False,0.0,13.777777777777777,False,False,False
1852,102.0,33,0.4163,False,0.0,11.333333333333332,False,False,False
1853,104.0,25,0.6258,False,0.0,11.555555555555555,False,False,False
1854,112.0,23,0.4796,False,0.0,12.444444444444443,False,False,False
1855,100.0,20,0.668,False,0.0,11.11111111111111,False,False,False
1856,105.0,29,0.8534,False,0.0,11.666666666666666,True,False,False
1857,130.0,31,0.2392,False,0.0,14.444444444444443,False,False,False
1858,106.0,29,0.8459,False,0.0,11.777777777777777,True,False,False
1859,103.0,25,0.4925,False,0.0,11.444444444444445,False,False,False
1860,103.0,20,0.765,False,0.0,11.444444444444445,True,False,False
1861,104.0,20,0.359,False,0.0,11.555555555555555,False,False,False
1862,103.0,24,0.4416,False,0.0,11.444444444444445,False,False,False
1863,108.0,25,0.253,False,0.0,12.0,False,False,False
1864,101.0,20,0.7103,False,0.0,11.222222222222221,True,False,False
1865,106.0,33,0.3253,False,0.0,11.777777777777777,False,False,False
1866,106.0,30,0.1492,False,0.0,11.777777777777777,False,False,False
1867,105.0,29,0.9265,False,0.0,11.666666666666666,True,False,False
1868,102.0,24,0.428,False,0.0,11.333333333333332,False,False,False
1869,104.0,-1,0.1933,True,0.0,11.555555555555555,False,False,False
1870,108.0,20,0.501,False,0.0,12.0,False,False,False
1871,106.0,29,0.6292,False,0.0,11.777777777777777,False,False,False
1872,110.0,29,0.7065,False,0.0,12.222222222222221,True,False,False
1873,110.0,20,0.4868,False,0.0,12.222222222222221,False,False,False
1874,105.0,30,0.3496,False,0.0,11.666666666666666,False,False,False
1875,111.0,29,0.9087,False,0.0,12.333333333333332,True,False,False
1876,101.0,20,0.3066,False,0.0,11.222222222222221,False,False,False
1877,108.0,20,0.2265,False,0.0,12.0,False,False,False
1878,114.0,29,0.7997,False,0.0,12.666666666666666,True,False,False
1879,103.0,-1,0.4129,True,0.0,11.444444444444445,False,False,False
1880,105.0,29,0.2857,False,0.0,11.666666666666666,False,False,False
1881,105.0,25,0.3848,False,0.0,11.666666666666666,False,False,False
1882,121.0,30,0.2987,False,0.0,13.444444444444443,False,False,False
1883,101.0,-1,0.4297,True,0.0,11.222222222222221,False,False,False
1884,119.0,30,0.0875,False,0.0,13.222222222222221,False,False,False
1885,108.0,30,0.2491,False,0.0,12.0,False,False,False
1886,102.0,-1,0.4911,True,0.0,11.333333333333332,False,False,False
1887,105.0,-1,0.7833,True,0.0,11.666666666666666,False,False,False
1888,110.0,28,0.3363,False,0.0,12.222222222222221,False,False,False
1889,119.0,33,0.1971,False,0.0,13.222222222222221,False,False,False
1890,101.0,30,0.6902,False,0.0,11.222222222222221,False,False,False
1891,104.0,-1,0.2942,True,22.333333333333332,11.555555555555555,False,True,False
1892,113.0,20,0.4632,False,0.0,12.555555555555555,False,False,False
1893,103.0,10,0.185,False,0.0,11.444444444444445,False,False,False
1894,127.0,29,0.8704,False,0.0,14.11111111111111,True,False,False
1895,119.0,4,0.1182,False,0.0,13.222222222222221,False,False,False
1896,109.0,5,0.1872,False,0.0,12.11111111111111,False,False,False
1897,104.0,-1,0.5798,True,0.0,11.555555555555555,False,False,False
1898,100.0,-1,0.8002,True,0.0,11.11111111111111,False,False,False
1899,125.0,34,0.3324,False,0.0,13.888888888888888,False,False,False
1900,116.0,31,0.127,False,0.0,12.888888888888888,False,False,False
1901,138.0,29,0.3295,False,0.0,15.333333333333332,False,False,False
1902,100.0,5,0.3539,False,0.0,11.11111111111111,False,False,False
1903,108.0,23,0.241,False,0.0,12.0,False,False,False
1904,110.0,-1,0.597,True,0.0,12.222222222222221,False,False,False
1905,110.0,-1,0.8136,True,0.0,12.222222222222221,False,False,False
1906,112.0,28,0.1842,False,0.0,12.444444444444443,False,False,False
1907,100.0,10,0.189,False,0.0,11.11111111111111,False,False,False
1908,126.0,10,0.4037,False,0.0,14.0,False,False,False
1909,128.0,20,0.3699,False,0.0,14.222222222222221,False,False,False
1910,101.0,20,0.8822,False,0.0,11.222222222222221,True,False,False
1911,109.0,11,0.1389,False,0.0,12.11111111111111,False,False,False
1912,127.0,33,0.2713,False,0.0,14.11111111111111,False,False,False
1913,102.0,23,0.1272,False,0.0,11.333333333333332,False,False,False
1914,100.0,28,0.327,False,0.0,11.11111111111111,False,False,False
1915,114.0,-1,0.3456,True,0.0,12.666666666666666,False,False,False
1916,126.0,20,0.4928,False,0.0,14.0,False,False,False
1917,109.0,11,0.4525,False,0.0,12.11111111111111,False,False,False
1918,104.0,20,0.1776,False,0.0,11.555555555555555,False,False,False
1919,101.0,28,0.2923,False,0.0,11.222222222222221,False,False,False
1920,112.0,-1,0.7031,True,0.0,12.444444444444443,False,False,False
1921,110.0,27,0.1432,False,0.0,12.222222222222221,False,False,False
1922,115.0,20,0.6916,False,0.0,12.777777777777777,False,False,False
1923,103.0,28,0.2367,False,0.0,11.444444444444445,False,False,False
1924,117.0,23,0.2348,False,0.0,13.0,False,False,False
1925,112.0,20,0.8779,False,0.0,12.444444444444443,True,False,False
1926,100.0,28,0.1913,False,0.0,11.11111111111111,False,False,False
1927,120.0,20,0.8322,False,0.0,13.333333333333332,True,False,False
1928,110.0,23,0.2365,False,0.0,12.222222222222221,False,False,False
1929,100.0,28,0.2887,False,0.0,11.11111111111111,False,False,False
1930,113.0,33,0.621,False,0.0,12.555555555555555,False,False,False
1931,106.0,11,0.6531,False,0.0,11.777777777777777,False,False,False
1932,110.0,30,0.1739,False,0.0,12.222222222222221,False,False,False
1933,123.0,33,0.8846,False,0.0,13.666666666666666,True,False,False
1934,116.0,-1,0.3773,True,0.0,12.888888888888888,False,False,False
1935,106.0,20,0.7349,False,0.0,11.777777777777777,True,False,False
1936,109.0,29,0.1605,False,0.0,12.11111111111111,False,False,False
1937,118.0,20,0.7234,False,0.0,13.11111111111111,True,False,False
1938,109.0,23,0.3914,False,0.0,12.11111111111111,False,False,False
1939,121.0,20,0.1352,False,0.0,13.444444444444443,False,False,False
1940,110.0,30,0.2034,False,0.0,12.222222222222221,False,False,False
1941,133.0,30,0.1641,False,0.0,14.777777777777777,False,False,False
1942,118.0,20,0.4796,False,0.0,13.11111111111111,False,False,False
1943,103.0,20,0.8706,False,0.0,11.444444444444445,True,False,False
1944,124.0,33,0.5026,False,0.0,13.777777777777777,False,False,False
1945,135.0,24,0.3848,False,0.0,15.0,False,False,False
1946,115.0,11,0.2785,False,0.0,12.777777777777777,False,False,False
1947,130.0,33,0.4066,False,0.0,14.444444444444443,False,False,False
1948,100.0,20,0.6043,False,0.0,11.11111111111111,False,False,False
1949,100.0,20,0.8615,False,0.0,11.11111111111111,True,False,False
1950,139.0,11,0.263,False,0.0,15.444444444444443,False,False,False
1951,113.0,10,0.2701,False,0.0,12.555555555555555,False,False,False
1952,104.0,20,0.8736,False,0.0,11.555555555555555,True,False,False
1953,122.0,20,0.7546,False,0.0,13.555555555555555,True,False,False
1954,104.0,10,0.7477,False,0.0,11.555555555555555,True,False,False
1955,138.0,11,0.3836,False,0.0,15.333333333333332,False,False,False
1956,114.0,20,0.5531,False,0.0,12.666666666666666,False,False,False
1957,102.0,10,0.4185,False,0.0,11.333333333333332,False,False,False
1958,133.0,11,0.4597,False,0.0,14.777777777777777,False,False,False
1959,128.0,11,0.7897,False,0.0,14.222222222222221,True,False,False
1960,102.0,10,0.3037,False,0.0,11.333333333333332,False,False,False
1961,131.0,-1,0.3564,True,0.0,14.555555555555555,False,False,False
1962,136.0,11,0.548,False,0.0,15.11111111111111,False,False,False
1963,102.0,23,0.3758,False,0.0,11.333333333333332,False,False,False
1964,126.0,11,0.1696,False,0.0,14.0,False,False,False
1965,133.0,11,0.3678,False,0.0,14.777777777777777,False,False,False
1966,105.0,20,0.2158,False,0.0,11.666666666666666,False,False,False
1967,132.0,11,0.3103,False,0.0,14.666666666666666,False,False,False
1968,104.0,20,0.442,False,0.0,11.555555555555555,False,False,False
1969,103.0,-1,0.6996,True,0.0,11.444444444444445,False,False,False
1970,128.0,23,0.5143,False,0.0,14.222222222222221,False,False,False
1971,101.0,20,0.2266,False,0.0,11.222222222222221,False,False,False
1972,100.0,5,0.2586,False,0.0,11.11111111111111,False,False,False
1973,127.0,11,0.2944,False,0.0,14.11111111111111,False,False,False
1974,103.0,20,0.4801,False,14.333333333333334,11.444444444444445,False,True,False
1975,101.0,-1,0.2145,True,0.0,11.222222222222221,False,False,False
1976,103.0,-1,0.2548,True,0.0,11.444444444444445,False,False,False
1977,106.0,20,0.7555,False,0.0,11.777777777777777,True,False,False
1978,125.0,4,0.6844,False,0.0,13.888888888888888,False,False,False
1979,110.0,23,0.198,False,0.0,12.222222222222221,False,False,False
1980,102.0,11,0.2543,False,19.333333333333332,11.333333333333332,False,True,False
1981,139.0,4,0.4049,False,0.0,15.444444444444443,False,False,False
1982,102.0,20,0.9716,False,0.0,11.333333333333332,True,False,False
1983,137.0,4,0.4074,False,0.0,15.222222222222221,False,False,False
1984,105.0,10,0.1706,False,0.0,11.666666666666666,False,False,False
1985,100.0,20,0.7191,False,0.0,11.11111111111111,True,False,False
1986,137.0,4,0.1985,False,0.0,15.222222222222221,False,False,False
1987,107.0,10,0.5476,False,0.0,11.888888888888888,False,False,False
1988,107.0,20,0.6119,False,0.0,11.888888888888888,False,False,False
1989,114.0,-1,0.5563,True,0.0,12.666666666666666,False,False,False
1990,105.0,-1,0.1352,True,0.0,11.666666666666666,False,False,False
1991,135.0,-1,0.2188,True,0.0,15.0,False,False,False
1992,125.0,-1,0.3779,True,0.0,13.888888888888888,False,False,False
1993,119.0,-1,0.1667,True,0.0,13.222222222222221,False,False,False
1994,125.0,-1,0.2281,True,0.0,13.888888888888888,False,False,False
1995,134.0,-1,0.2299,True,0.0,14.888888888888888,False,False,False
1996,131.0,-1,0.6282,True,0.0,14.555555555555555,False,False,False
1997,136.0,20,0.4946,False,0.0,15.11111111111111,False,False,False
1998,138.0,-1,0.7009,True,0.0,15.333333333333332,False,False,False
1999,132.0,-1,0.2714,True,0.0,14.666666666666666,False,False,False
2000,137.0,-1,0.4171,True,0.0,15.222222222222221,False,False,False
2001,106.0,25,0.1671,False,0.0,11.777777777777777,False,False,False
2002,137.0,-1,0.3498,True,0.0,15.222222222222221,False,False,False
2003,134.0,-1,0.5525,True,0.0,14.888888888888888,False,False,False
2004,140.0,-1,0.4718,True,0.0,15.555555555555555,False,False,False
2005,128.0,20,0.6166,False,0.0,14.222222222222221,False,False,False
2006,131.0,20,0.7823,False,0.0,14.555555555555555,True,False,False
2007,133.0,-1,0.8647,True,0.0,14.777777777777777,False,False,False
2008,136.0,-1,0.2747,True,0.0,15.11111111111111,False,False,False
2009,144.0,-1,0.4868,True,0.0,16.0,False,False,False
2010,122.0,20,0.9413,False,0.0,13.555555555555555,True,False,False
2011,102.0,24,0.5132,False,0.0,11.333333333333332,False,False,False
2012,138.0,4,0.2124,False,0.0,15.333333333333332,False,False,False
2013,134.0,-1,0.4167,True,0.0,14.888888888888888,False,False,False
2014,137.0,-1,0.4781,True,0.0,15.222222222222221,False,False,False
2015,105.0,-1,0.1808,True,0.0,11.666666666666666,False,False,False
2016,138.0,-1,0.3023,True,0.0,15.333333333333332,False,False,False
2017,137.0,-1,0.3397,True,0.0,15.222222222222221,False,False,False
2018,141.0,-1,0.4223,True,0.0,15.666666666666666,False,False,False
2019,105.0,24,0.4224,False,0.0,11.666666666666666,False,False,False
2020,101.0,20,0.9827,False,0.0,11.222222222222221,True,False,False
2021,100.0,24,0.2509,False,0.0,11.11111111111111,False,False,False
2022,120.0,-1,0.3367,True,0.0,13.333333333333332,False,False,False
2023,103.0,10,0.2044,False,0.0,11.444444444444445,False,False,False
2024,106.0,24,0.3294,False,0.0,11.777777777777777,False,False,False
2025,130.0,24,0.4659,False,0.0,14.444444444444443,False,False,False
2026,137.0,-1,0.2284,True,0.0,15.222222222222221,False,False,False
2027,139.0,-1,0.2746,True,0.0,15.444444444444443,False,False,False
2028,100.0,20,0.6978,False,0.0,11.11111111111111,False,False,False
2029,105.0,10,0.2834,False,15.333333333333334,11.666666666666666,False,True,False
2030,120.0,14,0.2984,False,0.0,13.333333333333332,False,False,False
2031,119.0,-1,0.1828,True,0.0,13.222222222222221,False,False,False
2032,133.0,24,0.2524,False,0.0,14.777777777777777,False,False,False
2033,138.0,14,0.187,False,0.0,15.333333333333332,False,False,False
2034,110.0,23,0.2277,False,0.0,12.222222222222221,False,False,False
2035,141.0,5,0.1711,False,0.0,15.666666666666666,False,False,False
2036,111.0,24,0.601,False,15.666666666666666,12.333333333333332,False,True,False
2037,100.0,20,0.5661,False,0.0,11.11111111111111,False,False,False
2038,103.0,29,0.4167,False,15.666666666666666,11.444444444444445,False,True,False
2039,101.0,24,0.3688,False,0.0,11.222222222222221,False,False,False
2040,104.0,20,0.5506,False,0.0,11.555555555555555,False,False,False
2041,116.0,14,0.5213,False,0.0,12.888888888888888,False,False,False
2042,124.0,-1,0.5502,True,0.0,13.777777777777777,False,False,False
2043,133.0,24,0.1413,False,0.0,14.777777777777777,False,False,False
2044,110.0,33,0.3073,False,15.333333333333334,12.222222222222221,False,True,False
2045,138.0,5,0.2169,False,0.0,15.333333333333332,False,False,False
2046,135.0,4,0.2079,False,7.666666666666667,15.0,False,True,False
2047,107.0,-1,0.2508,True,0.0,11.888888888888888,False,False,False
2048,115.0,20,0.2667,False,0.0,12.777777777777777,False,False,False
2049,106.0,20,0.7986,False,0.0,11.777777777777777,True,False,False
2050,103.0,25,0.4258,False,0.0,11.444444444444445,False,False,False
2051,107.0,10,0.3361,False,0.0,11.888888888888888,False,False,False
2052,106.0,-1,0.2423,True,0.0,11.777777777777777,False,False,False
2053,936.0,1,0.2609,False,31.0,104.0,False,True,False
2054,102.0,20,0.2745,False,0.0,11.333333333333332,False,False,False
2055,111.0,6,0.2065,False,0.0,12.333333333333332,False,False,False
2056,120.0,10,0.3563,False,0.0,13.333333333333332,False,False,False
2057,107.0,-1,0.461,True,0.0,11.888888888888888,False,False,False
2058,109.0,20,0.3688,False,0.0,12.11111111111111,False,False,False
2059,120.0,20,0.2033,False,0.0,13.333333333333332,False,False,False
2060,100.0,5,0.4385,False,0.0,11.11111111111111,False,False,False
2061,103.0,23,0.2271,False,0.0,11.444444444444445,False,False,False
2062,128.0,8,0.391,False,0.0,14.222222222222221,False,False,False
2063,125.0,20,0.2795,False,0.0,13.888888888888888,False,False,False
2064,108.0,20,0.9307,False,0.0,12.0,True,False,False
2065,119.0,8,0.5974,False,0.0,13.222222222222221,False,False,False
2066,101.0,50,0.088,False,0.0,11.222222222222221,False,False,False
2067,123.0,10,0.5112,False,0.0,13.666666666666666,False,False,False
2068,118.0,33,0.1986,False,0.0,13.11111111111111,False,False,False
2069,108.0,10,0.204,False,0.0,12.0,False,False,False
2070,110.0,4,0.1426,False,14.333333333333334,12.222222222222221,False,True,False
2071,115.0,10,0.1566,False,0.0,12.777777777777777,False,False,False
2072,106.0,-1,0.8195,True,0.0,11.777777777777777,False,False,False
2073,126.0,20,0.3419,False,0.0,14.0,False,False,False
2074,102.0,20,0.6344,False,0.0,11.333333333333332,False,False,False
2075,132.0,33,0.397,False,0.0,14.666666666666666,False,False,False
2076,118.0,10,0.1957,False,0.0,13.11111111111111,False,False,False
2077,106.0,-1,0.1257,True,0.0,11.777777777777777,False,False,False
2078,133.0,11,0.5625,False,0.0,14.777777777777777,False,False,False
2079,121.0,10,0.1426,False,0.0,13.444444444444443,False,False,False
2080,123.0,20,0.4981,False,0.0,13.666666666666666,False,False,False
2081,122.0,20,0.2319,False,0.0,13.555555555555555,False,False,False
2082,129.0,28,0.3246,False,0.0,14.333333333333332,False,False,False
2083,112.0,25,0.1766,False,0.0,12.444444444444443,False,False,False
2084,132.0,20,0.5037,False,0.0,14.666666666666666,False,False,False
2085,128.0,11,0.1959,False,0.0,14.222222222222221,False,False,False
2086,103.0,20,0.7419,False,0.0,11.444444444444445,True,False,False
2087,136.0,20,0.1539,False,0.0,15.11111111111111,False,False,False
2088,113.0,20,0.1361,False,0.0,12.555555555555555,False,False,False
2089,134.0,28,0.1235,False,0.0,14.888888888888888,False,False,False
2090,101.0,8,0.9052,False,0.0,11.222222222222221,True,False,False
2091,140.0,28,0.2431,False,0.0,15.555555555555555,False,False,False
2092,134.0,11,0.1259,False,0.0,14.888888888888888,False,False,False
2093,106.0,11,0.1664,False,0.0,11.777777777777777,False,False,False
2094,130.0,10,0.2548,False,0.0,14.444444444444443,False,False,False
2095,128.0,20,0.1656,False,0.0,14.222222222222221,False,False,False
2096,102.0,8,0.9506,False,0.0,11.333333333333332,True,False,False
2097,110.0,28,0.3468,False,0.0,12.222222222222221,False,False,False
2098,107.0,14,0.1821,False,0.0,11.888888888888888,False,False,False
2099,136.0,10,0.5651,False,0.0,15.11111111111111,False,False,False
2100,140.0,4,0.1362,False,0.0,15.555555555555555,False,False,False
2101,143.0,11,0.1978,False,0.0,15.888888888888888,False,False,False
2102,106.0,6,0.2089,False,0.0,11.777777777777777,False,False,False
2103,135.0,10,0.1874,False,0.0,15.0,False,False,False
2104,110.0,14,0.4596,False,0.0,12.222222222222221,False,False,False
2105,104.0,11,0.1516,False,0.0,11.555555555555555,False,False,False
2106,146.0,33,0.3102,False,0.0,16.22222222222222,False,False,False
2107,143.0,11,0.6145,False,23.666666666666668,15.888888888888888,False,True,False
2108,152.0,10,0.75,False,0.0,16.88888888888889,True,False,False
2109,112.0,20,0.6166,False,0.0,12.444444444444443,False,False,False
2110,132.0,24,0.1445,False,0.0,14.666666666666666,False,False,False
2111,118.0,-1,0.1739,True,0.0,13.11111111111111,False,False,False
2112,137.0,34,0.2326,False,0.0,15.222222222222221,False,False,False
2113,137.0,10,0.2835,False,0.0,15.222222222222221,False,False,False
2114,155.0,10,0.4077,False,0.0,17.22222222222222,False,False,False
2115,121.0,28,0.1606,False,0.0,13.444444444444443,False,False,False
2116,104.0,-1,0.2589,True,0.0,11.555555555555555,False,False,False
2117,122.0,-1,0.2877,True,0.0,13.555555555555555,False,False,False
2118,117.0,24,0.2606,False,0.0,13.0,False,False,False
2119,145.0,10,0.2499,False,0.0,16.11111111111111,False,False,False
2120,154.0,10,0.2625,False,0.0,17.11111111111111,False,False,False
2121,139.0,34,0.179,False,0.0,15.444444444444443,False,False,False
2122,124.0,14,0.498,False,34.333333333333336,13.777777777777777,False,True,False
2123,120.0,3,0.1338,False,0.0,13.333333333333332,False,False,False
2124,147.0,10,0.659,False,0.0,16.333333333333332,False,False,False
2125,140.0,4,0.1752,False,0.0,15.555555555555555,False,False,False
2126,146.0,28,0.2981,False,0.0,16.22222222222222,False,False,False
2127,118.0,14,0.3067,False,0.0,13.11111111111111,False,False,False
2128,100.0,-1,0.5326,True,0.0,11.11111111111111,False,False,False
2129,143.0,10,0.5726,False,0.0,15.888888888888888,False,False,False
2130,131.0,34,0.0998,False,0.0,14.555555555555555,False,False,False
2131,128.0,24,0.245,False,0.0,14.222222222222221,False,False,False
2132,145.0,11,0.1594,False,0.0,16.11111111111111,False,False,False
2133,119.0,14,0.4077,False,0.0,13.222222222222221,False,False,False
2134,102.0,-1,0.6945,True,0.0,11.333333333333332,False,False,False
2135,146.0,10,0.2407,False,0.0,16.22222222222222,False,False,False
2136,154.0,23,0.2856,False,0.0,17.11111111111111,False,False,False
2137,106.0,20,0.5574,False,0.0,11.777777777777777,False,False,False
2138,128.0,28,0.5944,False,0.0,14.222222222222221,False,False,False
2139,111.0,14,0.2472,False,0.0,12.333333333333332,False,False,False
2140,101.0,28,0.2252,False,0.0,11.222222222222221,False,False,False
2141,107.0,-1,0.8673,True,0.0,11.888888888888888,False,False,False
2142,106.0,20,0.2797,False,0.0,11.777777777777777,False,False,False
2143,112.0,33,0.3649,False,0.0,12.444444444444443,False,False,False
2144,139.0,10,0.4126,False,18.333333333333332,15.444444444444443,False,True,False
2145,169.0,10,0.2018,False,0.0,18.777777777777775,False,False,False
2146,124.0,28,0.2949,False,0.0,13.777777777777777,False,False,False
2147,112.0,14,0.2489,False,0.0,12.444444444444443,False,False,False
2148,106.0,-1,0.91,True,0.0,11.777777777777777,False,False,False
2149,108.0,-1,0.203,True,0.0,12.0,False,False,False
2150,132.0,28,0.3121,False,0.0,14.666666666666666,False,False,False
2151,123.0,33,0.535,False,0.0,13.666666666666666,False,False,False
2152,131.0,10,0.4327,False,0.0,14.555555555555555,False,False,False
2153,171.0,10,0.1925,False,17.333333333333332,19.0,False,True,False
2154,101.0,-1,0.2121,True,0.0,11.222222222222221,False,False,False
2155,113.0,11,0.4685,False,0.0,12.555555555555555,False,False,False
2156,109.0,14,0.2792,False,0.0,12.11111111111111,False,False,False
2157,104.0,-1,0.8509,True,0.0,11.555555555555555,False,False,False
2158,134.0,20,0.3279,False,0.0,14.888888888888888,False,False,False
2159,123.0,10,0.2759,False,0.0,13.666666666666666,False,False,False
2160,170.0,23,0.3742,False,0.0,18.88888888888889,False,False,False
2161,126.0,33,0.5153,False,0.0,14.0,False,False,False
2162,124.0,28,0.2468,False,0.0,13.777777777777777,False,False,False
2163,108.0,14,0.3955,False,0.0,12.0,False,False,False
2164,137.0,10,0.3713,False,0.0,15.222222222222221,False,False,False
2165,132.0,20,0.7065,False,0.0,14.666666666666666,True,False,False
2166,174.0,10,0.2308,False,0.0,19.333333333333332,False,False,False
2167,116.0,11,0.3586,False,0.0,12.888888888888888,False,False,False
2168,115.0,20,0.1948,False,0.0,12.777777777777777,False,False,False
2169,108.0,14,0.2891,False,0.0,12.0,False,False,False
2170,129.0,33,0.2289,False,0.0,14.333333333333332,False,False,False
2171,172.0,11,0.2911,False,0.0,19.11111111111111,False,False,False
2172,127.0,20,0.7155,False,0.0,14.11111111111111,True,False,False
2173,131.0,6,0.1725,False,0.0,14.555555555555555,False,False,False
2174,135.0,36,0.3867,False,0.0,15.0,False,False,False
2175,108.0,14,0.2209,False,0.0,12.0,False,False,False
2176,165.0,11,0.1969,False,0.0,18.333333333333332,False,False,False
2177,136.0,20,0.4237,False,0.0,15.11111111111111,False,False,False
2178,128.0,20,0.1372,False,0.0,14.222222222222221,False,False,False
2179,118.0,28,0.2333,False,0.0,13.11111111111111,False,False,False
2180,124.0,11,0.3592,False,0.0,13.777777777777777,False,False,False
2181,104.0,14,0.6589,False,0.0,11.555555555555555,False,False,False
2182,168.0,23,0.2756,False,0.0,18.666666666666664,False,False,False
2183,101.0,50,0.2517,False,0.0,11.222222222222221,False,False,False
2184,133.0,14,0.2952,False,0.0,14.777777777777777,False,False,False
2185,123.0,10,0.6422,False,0.0,13.666666666666666,False,False,False
2186,121.0,20,0.4871,False,0.0,13.444444444444443,False,False,False
2187,105.0,-1,0.5878,True,0.0,11.666666666666666,False,False,False
2188,153.0,20,0.1123,False,0.0,17.0,False,False,False
2189,106.0,24,0.1761,False,0.0,11.777777777777777,False,False,False
2190,127.0,10,0.3734,False,0.0,14.11111111111111,False,False,False
2191,118.0,10,0.3669,False,0.0,13.11111111111111,False,False,False
2192,125.0,33,0.5791,False,0.0,13.888888888888888,False,False,False
2193,109.0,5,0.2293,False,0.0,12.11111111111111,False,False,False
2194,112.0,14,0.2396,False,0.0,12.444444444444443,False,False,False
2195,162.0,23,0.2077,False,0.0,18.0,False,False,False
2196,100.0,24,0.1333,False,0.0,11.11111111111111,False,False,False
2197,124.0,6,0.2011,False,0.0,13.777777777777777,False,False,False
2198,107.0,14,0.2274,False,0.0,11.888888888888888,False,False,False
2199,126.0,20,0.3438,False,0.0,14.0,False,False,False
2200,122.0,20,0.8414,False,0.0,13.555555555555555,True,False,False
2201,104.0,-1,0.7283,True,16.0,11.555555555555555,False,True,False
2202,163.0,28,0.1544,False,0.0,18.11111111111111,False,False,False
2203,110.0,10,0.3299,False,0.0,12.222222222222221,False,False,False
2204,131.0,14,0.2916,False,24.333333333333332,14.555555555555555,False,True,False
2205,100.0,24,0.4818,False,0.0,11.11111111111111,False,False,False
2206,128.0,20,0.7261,False,0.0,14.222222222222221,True,False,False
2207,111.0,-1,0.8214,True,0.0,12.333333333333332,False,False,False
2208,111.0,-1,0.4243,True,0.0,12.333333333333332,False,False,False
2209,159.0,30,0.2649,False,35.333333333333336,17.666666666666664,False,True,False
2210,122.0,24,0.398,False,0.0,13.555555555555555,False,False,False
2211,122.0,11,0.1832,False,0.0,13.555555555555555,False,False,False
2212,125.0,20,0.7522,False,0.0,13.888888888888888,True,False,False
2213,109.0,-1,0.5019,True,0.0,12.11111111111111,False,False,False
2214,104.0,-1,0.3538,True,0.0,11.555555555555555,False,False,False
2215,108.0,-1,0.8312,True,0.0,12.0,False,False,False
2216,112.0,11,0.3189,False,0.0,12.444444444444443,False,False,False
2217,128.0,33,0.4626,False,0.0,14.222222222222221,False,False,False
2218,124.0,20,0.7676,False,0.0,13.777777777777777,True,False,False
2219,158.0,11,0.4274,False,0.0,17.555555555555554,False,False,False
2220,101.0,-1,0.5563,True,0.0,11.222222222222221,False,False,False
2221,106.0,-1,0.7928,True,0.0,11.777777777777777,False,False,False
2222,161.0,36,0.2575,False,0.0,17.88888888888889,False,False,False
2223,124.0,20,0.3512,False,0.0,13.777777777777777,False,False,False
2224,106.0,-1,0.3514,True,0.0,11.777777777777777,False,False,False
2225,117.0,29,0.4085,False,0.0,13.0,False,False,False
2226,109.0,-1,0.7135,True,0.0,12.11111111111111,False,False,False
2227,121.0,20,0.8572,False,0.0,13.444444444444443,True,False,False
2228,134.0,20,0.5417,False,0.0,14.888888888888888,False,False,False
2229,159.0,23,0.1957,False,0.0,17.666666666666664,False,False,False
2230,110.0,-1,0.5645,True,0.0,12.222222222222221,False,False,False
2231,103.0,33,0.3353,False,0.0,11.444444444444445,False,False,False
2232,110.0,11,0.4897,False,0.0,12.222222222222221,False,False,False
2233,122.0,20,0.7621,False,0.0,13.555555555555555,True,False,False
2234,127.0,20,0.6962,False,0.0,14.11111111111111,False,False,False
2235,121.0,20,0.6279,False,16.333333333333332,13.444444444444443,False,True,False
2236,159.0,11,0.636,False,0.0,17.666666666666664,False,False,False
2237,117.0,10,0.2787,False,0.0,13.0,False,False,False
2238,100.0,-1,0.3678,True,0.0,11.11111111111111,False,False,False
2239,101.0,-1,0.438,True,0.0,11.222222222222221,False,False,False
2240,110.0,-1,0.7005,True,0.0,12.222222222222221,False,False,False
2241,119.0,-1,0.7159,True,16.666666666666668,13.222222222222221,False,True,False
2242,160.0,11,0.4801,False,0.0,17.77777777777778,False,False,False
2243,109.0,10,0.3025,False,0.0,12.11111111111111,False,False,False
2244,104.0,-1,0.4048,True,0.0,11.555555555555555,False,False,False
2245,122.0,20,0.6378,False,0.0,13.555555555555555,False,False,False
2246,136.0,20,0.3886,False,17.333333333333332,15.11111111111111,False,True,False
2247,112.0,-1,0.9195,True,0.0,12.444444444444443,False,False,False
2248,122.0,-1,0.65,True,0.0,13.555555555555555,False,False,False
2249,127.0,20,0.7248,False,0.0,14.11111111111111,True,False,False
2250,160.0,23,0.3545,False,0.0,17.77777777777778,False,False,False
2251,104.0,33,0.2681,False,0.0,11.555555555555555,False,False,False
2252,110.0,-1,0.8391,True,0.0,12.222222222222221,False,False,False
2253,132.0,20,0.4332,False,0.0,14.666666666666666,False,False,False
2254,114.0,11,0.4786,False,0.0,12.666666666666666,False,False,False
2255,114.0,-1,0.4875,True,0.0,12.666666666666666,False,False,False
2256,115.0,10,0.2962,False,0.0,12.777777777777777,False,False,False
2257,158.0,11,0.1289,False,0.0,17.555555555555554,False,False,False
2258,112.0,-1,0.8712,True,0.0,12.444444444444443,False,False,False
2259,135.0,20,0.5167,False,0.0,15.0,False,False,False
2260,122.0,20,0.9096,False,0.0,13.555555555555555,True,False,False
2261,101.0,20,0.6607,False,0.0,11.222222222222221,False,False,False
2262,113.0,-1,0.6972,True,25.0,12.555555555555555,False,True,False
2263,127.0,20,0.4009,False,0.0,14.11111111111111,False,False,False
2264,137.0,33,0.2202,False,0.0,15.222222222222221,False,False,False
2265,109.0,-1,0.9111,True,0.0,12.11111111111111,False,False,False
2266,114.0,11,0.4015,False,0.0,12.666666666666666,False,False,False
2267,100.0,20,0.2235,False,0.0,11.11111111111111,False,False,False
2268,158.0,28,0.2591,False,0.0,17.555555555555554,False,False,False
2269,119.0,-1,0.5885,True,0.0,13.222222222222221,False,False,False
2270,129.0,20,0.501,False,0.0,14.333333333333332,False,False,False
2271,100.0,20,0.3962,False,0.0,11.11111111111111,False,False,False
2272,114.0,36,0.2107,False,0.0,12.666666666666666,False,False,False
2273,106.0,-1,0.9311,True,0.0,11.777777777777777,False,False,False
2274,132.0,33,0.6585,False,0.0,14.666666666666666,False,False,False
2275,159.0,23,0.1721,False,0.0,17.666666666666664,False,False,False
2276,114.0,29,0.3051,False,0.0,12.666666666666666,False,False,False
2277,154.0,10,0.2411,False,0.0,17.11111111111111,False,False,False
2278,100.0,20,0.3833,False,0.0,11.11111111111111,False,False,False
2279,134.0,20,0.9539,False,0.0,14.888888888888888,True,False,False
2280,107.0,5,0.1354,False,0.0,11.888888888888888,False,False,False
2281,102.0,-1,0.9128,True,0.0,11.333333333333332,False,False,False
2282,131.0,20,0.5603,False,0.0,14.555555555555555,False,False,False
2283,119.0,-1,0.5742,True,0.0,13.222222222222221,False,False,False
2284,130.0,20,0.6953,False,0.0,14.444444444444443,False,False,False
2285,130.0,20,0.8638,False,0.0,14.444444444444443,True,False,False
2286,109.0,10,0.198,False,0.0,12.11111111111111,False,False,False
2287,103.0,-1,0.9322,True,0.0,11.444444444444445,False,False,False
2288,148.0,23,0.2442,False,0.0,16.444444444444443,False,False,False
2289,114.0,23,0.3576,False,0.0,12.666666666666666,False,False,False
2290,100.0,20,0.4559,False,0.0,11.11111111111111,False,False,False
2291,118.0,-1,0.5311,True,0.0,13.11111111111111,False,False,False
2292,937.0,10,0.4071,False,353.3333333333333,104.1111111111111,False,True,True
2293,917.0,10,0.1936,False,346.6666666666667,101.88888888888889,False,True,True
2294,881.0,10,0.2669,False,305.6666666666667,97.88888888888889,False,True,True
2295,872.0,10,0.4606,False,32.333333333333336,96.88888888888889,False,True,False
2296,922.0,10,0.3937,False,13.0,102.44444444444444,False,True,False
2297,903.0,10,0.5464,False,0.0,100.33333333333333,False,False,False
2298,912.0,10,0.567,False,0.0,101.33333333333333,False,False,False
2299,936.0,10,0.4972,False,17.666666666666668,104.0,False,True,False
2300,867.0,10,0.2205,False,27.666666666666668,96.33333333333333,False,True,False
2301,862.0,10,0.498,False,0.0,95.77777777777777,False,False,False
2302,895.0,10,0.3725,False,0.0,99.44444444444444,False,False,False
2303,103.0,20,0.7854,False,0.0,11.444444444444445,True,False,False
2304,106.0,20,0.2817,False,0.0,11.777777777777777,False,False,False
2305,105.0,20,0.2898,False,0.0,11.666666666666666,False,False,False
2306,110.0,11,0.166,False,0.0,12.222222222222221,False,False,False
2307,115.0,11,0.2834,False,0.0,12.777777777777777,False,False,False
2308,110.0,20,0.3882,False,0.0,12.222222222222221,False,False,False
2309,105.0,10,0.2761,False,0.0,11.666666666666666,False,False,False
2310,107.0,11,0.3163,False,0.0,11.888888888888888,False,False,False
2311,108.0,14,0.4904,False,0.0,12.0,False,False,False
2312,107.0,11,0.2873,False,0.0,11.888888888888888,False,False,False
2313,115.0,-1,0.4758,True,0.0,12.777777777777777,False,False,False
2314,104.0,14,0.3071,False,0.0,11.555555555555555,False,False,False
2315,100.0,10,0.5241,False,0.0,11.11111111111111,False,False,False
2316,101.0,11,0.2364,False,0.0,11.222222222222221,False,False,False
2317,104.0,10,0.265,False,0.0,11.555555555555555,False,False,False
2318,103.0,11,0.2938,False,0.0,11.444444444444445,False,False,False
2319,114.0,-1,0.539,True,0.0,12.666666666666666,False,False,False
2320,101.0,20,0.3432,False,0.0,11.222222222222221,False,False,False
2321,132.0,11,0.1735,False,0.0,14.666666666666666,False,False,False
2322,101.0,36,0.1623,False,0.0,11.222222222222221,False,False,False
2323,107.0,20,0.2749,False,0.0,11.888888888888888,False,False,False
2324,116.0,11,0.5003,False,0.0,12.888888888888888,False,False,False
2325,101.0,20,0.4257,False,0.0,11.222222222222221,False,False,False
2326,117.0,23,0.3169,False,0.0,13.0,False,False,False
2327,101.0,20,0.3544,False,0.0,11.222222222222221,False,False,False
2328,114.0,23,0.2593,False,0.0,12.666666666666666,False,False,False
2329,104.0,11,0.3799,False,0.0,11.555555555555555,False,False,False
2330,113.0,11,0.1976,False,0.0,12.555555555555555,False,False,False
2331,112.0,11,0.4969,False,0.0,12.444444444444443,False,False,False
2332,106.0,-1,0.2674,True,0.0,11.777777777777777,False,False,False
2333,106.0,11,0.1432,False,0.0,11.777777777777777,False,False,False
2334,100.0,11,0.4456,False,0.0,11.11111111111111,False,False,False
2335,115.0,1,0.3593,False,0.0,12.777777777777777,False,False,False
2336,975.0,11,0.5582,False,331.3333333333333,108.33333333333333,False,True,True
2337,978.0,11,0.4841,False,286.6666666666667,108.66666666666666,False,True,True
2338,988.0,11,0.3746,False,306.0,109.77777777777777,False,True,True
2339,978.0,11,0.49,False,363.6666666666667,108.66666666666666,False,True,True
2340,971.0,11,0.4368,False,384.3333333333333,107.88888888888889,False,True,True
2341,973.0,11,0.332,False,373.6666666666667,108.1111111111111,False,True,True
2342,962.0,10,0.2287,False,403.0,106.88888888888889,False,True,True
2343,953.0,10,0.2161,False,305.6666666666667,105.88888888888889,False,True,True
2344,948.0,11,0.1432,False,294.6666666666667,105.33333333333333,False,True,True
2345,947.0,10,0.225,False,349.0,105.22222222222221,False,True,True
2346,955.0,10,0.2624,False,326.0,106.1111111111111,False,True,True
2347,956.0,10,0.1279,False,67.33333333333333,106.22222222222221,False,True,True
2348,953.0,11,0.2302,False,83.0,105.88888888888889,False,True,True
2349,946.0,11,0.146,False,34.666666666666664,105.1111111111111,False,True,False
2350,128.0,1,0.3275,False,0.0,14.222222222222221,False,False,False
2351,970.0,11,0.3803,False,0.0,107.77777777777777,False,False,False
2352,165.0,-1,0.7334,True,0.0,18.333333333333332,False,False,False
2353,996.0,11,0.3144,False,66.33333333333333,110.66666666666666,False,True,True
2354,505.0,10,0.1842,False,0.0,56.11111111111111,False,False,False
2355,520.0,8,0.6506,False,17.333333333333332,57.77777777777777,False,True,False
2356,281.0,5,0.1685,False,0.0,31.22222222222222,False,False,False
2357,532.0,20,0.3424,False,87.66666666666667,59.11111111111111,False,True,True
2358,487.0,10,0.2586,False,0.0,54.11111111111111,False,False,False
2359,522.0,5,0.4528,False,24.666666666666668,58.0,False,True,False
2360,652.0,5,0.3083,False,0.0,72.44444444444444,False,False,False
2361,495.0,10,0.1341,False,65.0,55.0,False,True,True
2362,183.0,10,0.4211,False,0.0,20.333333333333332,False,False,False
2363,510.0,10,0.3129,False,23.0,56.666666666666664,False,True,False
2364,526.0,8,0.4854,False,27.333333333333332,58.44444444444444,False,True,False
2365,279.0,5,0.2013,False,24.333333333333332,31.0,False,True,False
2366,543.0,10,0.4862,False,0.0,60.33333333333333,False,False,False
2367,487.0,10,0.2448,False,42.666666666666664,54.11111111111111,False,True,False
2368,512.0,5,0.4178,False,39.333333333333336,56.888888888888886,False,True,False
2369,519.0,10,0.5506,False,64.33333333333333,57.666666666666664,False,True,True
2370,643.0,5,0.2564,False,0.0,71.44444444444444,False,False,False
2371,585.0,9,0.1312,False,0.0,65.0,False,False,False
2372,288.0,36,0.6822,False,0.0,32.0,False,False,False
2373,465.0,9,0.3605,False,0.0,51.666666666666664,False,False,False
2374,343.0,9,0.6735,False,37.666666666666664,38.11111111111111,False,True,False
2375,333.0,9,0.3667,False,0.0,37.0,False,False,False
2376,413.0,9,0.3018,False,0.0,45.888888888888886,False,False,False
2377,282.0,23,0.1428,False,39.0,31.333333333333332,False,True,False
2378,474.0,20,0.4608,False,0.0,52.666666666666664,False,False,False
2379,580.0,25,0.2143,False,0.0,64.44444444444444,False,False,False
2380,331.0,9,0.2692,False,0.0,36.77777777777778,False,False,False
2381,410.0,9,0.1963,False,0.0,45.55555555555555,False,False,False
2382,328.0,9,0.517,False,0.0,36.44444444444444,False,False,False
2383,295.0,22,0.4325,False,0.0,32.77777777777778,False,False,False
2384,121.0,-1,0.7721,True,0.0,13.444444444444443,False,False,False
2385,153.0,23,0.3768,False,0.0,17.0,False,False,False
2386,564.0,6,0.2459,False,32.333333333333336,62.666666666666664,False,True,False
2387,521.0,20,0.7963,False,18.0,57.888888888888886,True,True,False
2388,435.0,20,0.1915,False,18.0,48.33333333333333,False,True,False
2389,287.0,36,0.5594,False,0.0,31.888888888888886,False,False,False
2390,328.0,-1,0.4263,True,0.0,36.44444444444444,False,False,False
2391,314.0,9,0.2289,False,15.666666666666666,34.888888888888886,False,True,False
2392,121.0,-1,0.8862,True,16.666666666666668,13.444444444444443,False,True,False
2393,100.0,10,0.2517,False,16.0,11.11111111111111,False,True,False
2394,279.0,10,0.1678,False,30.0,31.0,False,True,False
2395,301.0,20,0.2105,False,30.666666666666668,33.44444444444444,False,True,False
2396,190.0,23,0.4225,False,0.0,21.11111111111111,False,False,False
2397,560.0,5,0.1166,False,36.333333333333336,62.22222222222222,False,True,False
2398,443.0,10,0.1802,False,0.0,49.22222222222222,False,False,False
2399,520.0,20,0.8081,False,19.0,57.77777777777777,True,True,False
2400,313.0,9,0.4958,False,0.0,34.77777777777778,False,False,False
2401,294.0,36,0.5381,False,0.0,32.666666666666664,False,False,False
2402,354.0,9,0.3923,False,0.0,39.33333333333333,False,False,False
2403,122.0,-1,0.6785,True,13.0,13.555555555555555,False,True,False
2404,331.0,-1,0.1509,True,36.666666666666664,36.77777777777778,False,True,False
2405,109.0,9,0.214,False,15.666666666666666,12.11111111111111,False,True,False
2406,177.0,10,0.2218,False,0.0,19.666666666666664,False,False,False
2407,451.0,10,0.1671,False,0.0,50.11111111111111,False,False,False
2408,557.0,5,0.1411,False,0.0,61.888888888888886,False,False,False
2409,519.0,20,0.8473,False,0.0,57.666666666666664,True,False,False
2410,360.0,9,0.609,False,0.0,40.0,False,False,False
2411,293.0,36,0.4399,False,15.333333333333334,32.55555555555556,False,True,False
2412,311.0,9,0.2606,False,0.0,34.55555555555556,False,False,False
2413,120.0,-1,0.7669,True,14.0,13.333333333333332,False,True,False
2414,106.0,10,0.1837,False,14.666666666666666,11.777777777777777,False,True,False
2415,455.0,11,0.1658,False,0.0,50.55555555555555,False,False,False
2416,519.0,20,0.7878,False,0.0,57.666666666666664,True,False,False
2417,554.0,14,0.1513,False,0.0,61.55555555555555,False,False,False
2418,275.0,36,0.7365,False,14.666666666666666,30.555555555555554,True,True,False
2419,310.0,9,0.2768,False,0.0,34.44444444444444,False,False,False
2420,334.0,9,0.2736,False,0.0,37.11111111111111,False,False,False
2421,120.0,-1,0.8425,True,16.0,13.333333333333332,False,True,False
2422,198.0,-1,0.4289,True,0.0,22.0,False,False,False
2423,453.0,20,0.1481,False,0.0,50.33333333333333,False,False,False
2424,520.0,20,0.807,False,0.0,57.77777777777777,True,False,False
2425,551.0,5,0.1042,False,0.0,61.22222222222222,False,False,False
2426,335.0,-1,0.5045,True,0.0,37.22222222222222,False,False,False
2427,312.0,10,0.3856,False,0.0,34.666666666666664,False,False,False
2428,276.0,36,0.6009,False,17.333333333333332,30.666666666666664,False,True,False
2429,119.0,-1,0.7143,True,13.666666666666666,13.222222222222221,False,True,False
2430,452.0,10,0.1888,False,0.0,50.22222222222222,False,False,False
2431,547.0,6,0.1241,False,34.333333333333336,60.77777777777777,False,True,False
2432,516.0,20,0.8031,False,0.0,57.33333333333333,True,False,False
2433,327.0,-1,0.3845,True,0.0,36.33333333333333,False,False,False
2434,308.0,9,0.5213,False,16.666666666666668,34.22222222222222,False,True,False
2435,272.0,36,0.7304,False,15.333333333333334,30.22222222222222,True,True,False
2436,122.0,-1,0.6556,True,0.0,13.555555555555555,False,False,False
2437,334.0,-1,0.1689,True,33.666666666666664,37.11111111111111,False,True,False
2438,186.0,10,0.3166,False,0.0,20.666666666666664,False,False,False
2439,444.0,10,0.1968,False,0.0,49.33333333333333,False,False,False
2440,547.0,5,0.1511,False,0.0,60.77777777777777,False,False,False
2441,515.0,20,0.8188,False,16.0,57.22222222222222,True,True,False
2442,307.0,9,0.4571,False,15.0,34.11111111111111,False,True,False
2443,274.0,36,0.307,False,0.0,30.444444444444443,False,False,False
2444,339.0,9,0.7772,False,0.0,37.666666666666664,True,False,False
2445,121.0,-1,0.4427,True,14.0,13.444444444444443,False,True,False
2446,287.0,9,0.3359,False,0.0,31.888888888888886,False,False,False
2447,447.0,10,0.1881,False,0.0,49.666666666666664,False,False,False
2448,547.0,6,0.325,False,31.666666666666668,60.77777777777777,False,True,False
2449,516.0,20,0.8211,False,16.666666666666668,57.33333333333333,True,True,False
2450,340.0,9,0.677,False,0.0,37.77777777777778,False,False,False
2451,277.0,36,0.2767,False,26.333333333333332,30.777777777777775,False,True,False
2452,309.0,9,0.6396,False,0.0,34.33333333333333,False,False,False
2453,120.0,-1,0.3487,True,0.0,13.333333333333332,False,False,False
2454,318.0,20,0.1353,False,0.0,35.33333333333333,False,False,False
2455,557.0,6,0.1926,False,38.0,61.888888888888886,False,True,False
2456,448.0,20,0.1231,False,20.0,49.77777777777777,False,True,False
2457,514.0,20,0.8197,False,0.0,57.11111111111111,True,False,False
2458,334.0,25,0.3828,False,17.333333333333332,37.11111111111111,False,True,False
2459,270.0,36,0.5848,False,0.0,30.0,False,False,False
2460,309.0,10,0.2787,False,21.666666666666668,34.33333333333333,False,True,False
2461,120.0,-1,0.4824,True,0.0,13.333333333333332,False,False,False
2462,328.0,36,0.1493,False,35.666666666666664,36.44444444444444,False,True,False
2463,551.0,-1,0.2999,True,31.333333333333332,61.22222222222222,False,True,False
2464,452.0,11,0.1512,False,0.0,50.22222222222222,False,False,False
2465,511.0,20,0.7726,False,0.0,56.77777777777777,True,False,False
2466,332.0,25,0.3952,False,0.0,36.888888888888886,False,False,False
2467,263.0,36,0.5673,False,0.0,29.22222222222222,False,False,False
2468,309.0,29,0.1925,False,0.0,34.33333333333333,False,False,False
2469,120.0,-1,0.4157,True,0.0,13.333333333333332,False,False,False
2470,202.0,-1,0.1592,True,0.0,22.444444444444443,False,False,False
2471,101.0,10,0.5225,False,0.0,11.222222222222221,False,False,False
2472,100.0,20,0.4264,False,0.0,11.11111111111111,False,False,False
2473,110.0,33,0.4789,False,0.0,12.222222222222221,False,False,False
2474,108.0,-1,0.2047,True,0.0,12.0,False,False,False
2475,101.0,10,0.3727,False,0.0,11.222222222222221,False,False,False
2476,106.0,-1,0.9392,True,0.0,11.777777777777777,False,False,False
2477,105.0,20,0.6094,False,0.0,11.666666666666666,False,False,False
2478,103.0,11,0.6539,False,0.0,11.444444444444445,False,False,False
2479,100.0,29,0.9059,False,0.0,11.11111111111111,True,False,False
2480,112.0,8,0.7991,False,0.0,12.444444444444443,True,False,False
2481,103.0,20,0.736,False,0.0,11.444444444444445,True,False,False
2482,108.0,20,0.986,False,0.0,12.0,True,False,False
2483,106.0,29,0.8142,False,0.0,11.777777777777777,True,False,False
2484,109.0,20,0.9251,False,0.0,12.11111111111111,True,False,False
2485,101.0,30,0.2734,False,0.0,11.222222222222221,False,False,False
2486,122.0,29,0.8562,False,0.0,13.555555555555555,True,False,False
2487,114.0,20,0.9395,False,0.0,12.666666666666666,True,False,False
2488,104.0,20,0.2555,False,0.0,11.555555555555555,False,False,False
2489,101.0,29,0.8229,False,0.0,11.222222222222221,True,False,False
2490,103.0,11,0.4035,False,0.0,11.444444444444445,False,False,False
2491,100.0,29,0.8973,False,0.0,11.11111111111111,True,False,False
2492,110.0,8,0.5338,False,0.0,12.222222222222221,False,False,False
2493,103.0,20,0.948,False,0.0,11.444444444444445,True,False,False
2494,106.0,20,0.8615,False,0.0,11.777777777777777,True,False,False
2495,107.0,24,0.403,False,0.0,11.888888888888888,False,False,False
2496,105.0,20,0.9489,False,0.0,11.666666666666666,True,False,False
2497,104.0,24,0.4031,False,0.0,11.555555555555555,False,False,False
2498,108.0,20,0.2976,False,0.0,12.0,False,False,False
2499,110.0,8,0.7783,False,0.0,12.222222222222221,True,False,False
2500,106.0,11,0.2422,False,0.0,11.777777777777777,False,False,False
2501,107.0,29,0.916,False,0.0,11.888888888888888,True,False,False
2502,107.0,29,0.8863,False,0.0,11.888888888888888,True,False,False
2503,103.0,11,0.8219,False,0.0,11.444444444444445,True,False,False
2504,105.0,20,0.6794,False,0.0,11.666666666666666,False,False,False
2505,104.0,-1,0.3517,True,0.0,11.555555555555555,False,False,False
2506,110.0,30,0.3091,False,0.0,12.222222222222221,False,False,False
2507,108.0,20,0.8185,False,0.0,12.0,True,False,False
2508,103.0,33,0.1837,False,0.0,11.444444444444445,False,False,False
2509,104.0,20,0.3588,False,0.0,11.555555555555555,False,False,False
2510,117.0,11,0.7299,False,0.0,13.0,True,False,False
2511,108.0,29,0.4454,False,0.0,12.0,False,False,False
2512,100.0,29,0.5219,False,0.0,11.11111111111111,False,False,False
2513,111.0,20,0.3315,False,0.0,12.333333333333332,False,False,False
2514,106.0,20,0.2597,False,0.0,11.777777777777777,False,False,False
2515,111.0,11,0.6557,False,0.0,12.333333333333332,False,False,False
2516,109.0,30,0.3856,False,0.0,12.11111111111111,False,False,False
2517,106.0,-1,0.9235,True,0.0,11.777777777777777,False,False,False
2518,102.0,5,0.1226,False,0.0,11.333333333333332,False,False,False
2519,103.0,-1,0.4741,True,0.0,11.444444444444445,False,False,False
2520,101.0,20,0.6147,False,0.0,11.222222222222221,False,False,False
2521,100.0,20,0.9839,False,0.0,11.11111111111111,True,False,False
2522,108.0,-1,0.7407,True,0.0,12.0,False,False,False
2523,110.0,-1,0.8566,True,0.0,12.222222222222221,False,False,False
2524,113.0,-1,0.2289,True,0.0,12.555555555555555,False,False,False
2525,112.0,20,0.1785,False,0.0,12.444444444444443,False,False,False
2526,100.0,11,0.5391,False,0.0,11.11111111111111,False,False,False
2527,101.0,28,0.1989,False,0.0,11.222222222222221,False,False,False
2528,108.0,24,0.295,False,0.0,12.0,False,False,False
2529,101.0,-1,0.918,True,0.0,11.222222222222221,False,False,False
2530,102.0,29,0.9779,False,0.0,11.333333333333332,True,False,False
2531,115.0,20,0.7894,False,0.0,12.777777777777777,True,False,False
2532,120.0,20,0.4878,False,0.0,13.333333333333332,False,False,False
2533,123.0,20,0.2652,False,0.0,13.666666666666666,False,False,False
2534,106.0,-1,0.9194,True,0.0,11.777777777777777,False,False,False
2535,102.0,3,0.1863,False,0.0,11.333333333333332,False,False,False
2536,108.0,-1,0.2954,True,0.0,12.0,False,False,False
2537,111.0,20,0.8981,False,0.0,12.333333333333332,True,False,False
2538,101.0,11,0.3143,False,0.0,11.222222222222221,False,False,False
2539,106.0,-1,0.8703,True,0.0,11.777777777777777,False,False,False
2540,114.0,29,0.8588,False,0.0,12.666666666666666,True,False,False
2541,112.0,33,0.097,False,0.0,12.444444444444443,False,False,False
2542,104.0,29,0.6265,False,0.0,11.555555555555555,False,False,False
2543,103.0,5,0.2689,False,0.0,11.444444444444445,False,False,False
2544,103.0,-1,0.4641,True,33.0,11.444444444444445,False,True,False
2545,118.0,20,0.3904,False,0.0,13.11111111111111,False,False,False
2546,105.0,-1,0.9054,True,0.0,11.666666666666666,False,False,False
2547,112.0,29,0.8715,False,0.0,12.444444444444443,True,False,False
2548,103.0,23,0.3888,False,0.0,11.444444444444445,False,False,False
2549,122.0,8,0.599,False,0.0,13.555555555555555,False,False,False
2550,109.0,20,0.3531,False,0.0,12.11111111111111,False,False,False
2551,125.0,8,0.9144,False,0.0,13.888888888888888,True,False,False
2552,114.0,29,0.3718,False,0.0,12.666666666666666,False,False,False
2553,112.0,33,0.195,False,0.0,12.444444444444443,False,False,False
2554,105.0,-1,0.8855,True,0.0,11.666666666666666,False,False,False
2555,104.0,28,0.4302,False,0.0,11.555555555555555,False,False,False
2556,118.0,20,0.178,False,0.0,13.11111111111111,False,False,False
2557,124.0,8,0.7956,False,0.0,13.777777777777777,True,False,False
2558,108.0,20,0.4359,False,0.0,12.0,False,False,False
2559,105.0,-1,0.8217,True,0.0,11.666666666666666,False,False,False
2560,117.0,29,0.948,False,0.0,13.0,True,False,False
2561,120.0,24,0.1774,False,0.0,13.333333333333332,False,False,False
2562,117.0,29,0.4531,False,0.0,13.0,False,False,False
2563,121.0,8,0.849,False,0.0,13.444444444444443,True,False,False
2564,103.0,-1,0.806,True,0.0,11.444444444444445,False,False,False
2565,103.0,11,0.8099,False,0.0,11.444444444444445,True,False,False
2566,107.0,20,0.5158,False,0.0,11.888888888888888,False,False,False
2567,106.0,-1,0.4908,True,0.0,11.777777777777777,False,False,False
2568,101.0,5,0.2994,False,0.0,11.222222222222221,False,False,False
2569,117.0,29,0.5021,False,0.0,13.0,False,False,False
2570,123.0,8,0.5684,False,0.0,13.666666666666666,False,False,False
2571,114.0,4,0.2707,False,0.0,12.666666666666666,False,False,False
2572,105.0,11,0.4159,False,0.0,11.666666666666666,False,False,False
2573,121.0,36,0.413,False,0.0,13.444444444444443,False,False,False
2574,115.0,29,0.358,False,0.0,12.777777777777777,False,False,False
2575,105.0,28,0.3726,False,0.0,11.666666666666666,False,False,False
2576,119.0,8,0.8869,False,0.0,13.222222222222221,True,False,False
2577,101.0,-1,0.888,True,0.0,11.222222222222221,False,False,False
2578,102.0,9,0.4945,False,0.0,11.333333333333332,False,False,False
2579,108.0,20,0.828,False,0.0,12.0,True,False,False
2580,102.0,25,0.255,False,0.0,11.333333333333332,False,False,False
2581,105.0,20,0.245,False,0.0,11.666666666666666,False,False,False
2582,105.0,20,0.7703,False,0.0,11.666666666666666,True,False,False
2583,119.0,8,0.9047,False,0.0,13.222222222222221,True,False,False
2584,104.0,-1,0.8896,True,0.0,11.555555555555555,False,False,False
2585,101.0,-1,0.3114,True,0.0,11.222222222222221,False,False,False
2586,117.0,29,0.2547,False,0.0,13.0,False,False,False
2587,111.0,20,0.4291,False,0.0,12.333333333333332,False,False,False
2588,103.0,23,0.2012,False,0.0,11.444444444444445,False,False,False
2589,106.0,20,0.55,False,15.333333333333334,11.777777777777777,False,True,False
2590,120.0,29,0.9046,False,0.0,13.333333333333332,True,False,False
2591,114.0,8,0.6284,False,0.0,12.666666666666666,False,False,False
2592,105.0,29,0.1167,False,0.0,11.666666666666666,False,False,False
2593,111.0,29,0.8704,False,0.0,12.333333333333332,True,False,False
2594,106.0,31,0.2635,False,0.0,11.777777777777777,False,False,False
2595,105.0,11,0.4438,False,0.0,11.666666666666666,False,False,False
2596,100.0,-1,0.4087,True,0.0,11.11111111111111,False,False,False
2597,136.0,-1,0.4156,True,0.0,15.11111111111111,False,False,False
2598,131.0,11,0.1689,False,0.0,14.555555555555555,False,False,False
2599,105.0,11,0.4178,False,0.0,11.666666666666666,False,False,False
2600,108.0,25,0.8547,False,0.0,12.0,True,False,False
2601,111.0,29,0.9273,False,0.0,12.333333333333332,True,False,False
2602,100.0,11,0.5774,False,0.0,11.11111111111111,False,False,False
2603,113.0,8,0.189,False,0.0,12.555555555555555,False,False,False
2604,131.0,36,0.1905,False,0.0,14.555555555555555,False,False,False
2605,127.0,-1,0.4513,True,0.0,14.11111111111111,False,False,False
2606,112.0,36,0.3868,False,0.0,12.444444444444443,False,False,False
2607,110.0,29,0.6896,False,0.0,12.222222222222221,False,False,False
2608,100.0,31,0.2422,False,0.0,11.11111111111111,False,False,False
2609,111.0,29,0.9352,False,0.0,12.333333333333332,True,False,False
2610,118.0,16,0.1019,False,0.0,13.11111111111111,False,False,False
2611,124.0,-1,0.4292,True,0.0,13.777777777777777,False,False,False
2612,103.0,-1,0.5268,True,0.0,11.444444444444445,False,False,False
2613,116.0,29,0.9253,False,0.0,12.888888888888888,True,False,False
2614,116.0,28,0.239,False,0.0,12.888888888888888,False,False,False
2615,112.0,-1,0.511,True,0.0,12.444444444444443,False,False,False
2616,122.0,28,0.2249,False,18.0,13.555555555555555,False,True,False
2617,104.0,-1,0.9203,True,0.0,11.555555555555555,False,False,False
2618,115.0,16,0.1191,False,0.0,12.777777777777777,False,False,False
2619,114.0,29,0.9156,False,0.0,12.666666666666666,True,False,False
2620,109.0,29,0.5549,False,0.0,12.11111111111111,False,False,False
2621,101.0,11,0.1273,False,0.0,11.222222222222221,False,False,False
2622,125.0,-1,0.2925,True,0.0,13.888888888888888,False,False,False
2623,147.0,-1,0.1361,True,0.0,16.333333333333332,False,False,False
2624,106.0,-1,0.5733,True,0.0,11.777777777777777,False,False,False
2625,100.0,20,0.1667,False,0.0,11.11111111111111,False,False,False
2626,104.0,20,0.3582,False,0.0,11.555555555555555,False,False,False
2627,114.0,29,0.6851,False,0.0,12.666666666666666,False,False,False
2628,115.0,24,0.1333,False,0.0,12.777777777777777,False,False,False
2629,130.0,23,0.1811,False,0.0,14.444444444444443,False,False,False
2630,119.0,29,0.5532,False,0.0,13.222222222222221,False,False,False
2631,118.0,30,0.2848,False,0.0,13.11111111111111,False,False,False
2632,114.0,36,0.41,False,0.0,12.666666666666666,False,False,False
2633,101.0,14,0.6654,False,0.0,11.222222222222221,False,False,False
2634,126.0,25,0.3547,False,0.0,14.0,False,False,False
2635,101.0,-1,0.1417,True,0.0,11.222222222222221,False,False,False
2636,118.0,29,0.9342,False,0.0,13.11111111111111,True,False,False
2637,138.0,23,0.2712,False,0.0,15.333333333333332,False,False,False
2638,121.0,29,0.7226,False,0.0,13.444444444444443,True,False,False
2639,119.0,11,0.1219,False,0.0,13.222222222222221,False,False,False
2640,118.0,-1,0.2267,True,0.0,13.11111111111111,False,False,False
2641,130.0,25,0.2844,False,0.0,14.444444444444443,False,False,False
2642,101.0,36,0.2163,False,0.0,11.222222222222221,False,False,False
2643,137.0,31,0.2721,False,0.0,15.222222222222221,False,False,False
2644,100.0,30,0.6296,False,0.0,11.11111111111111,False,False,False
2645,121.0,36,0.5673,False,0.0,13.444444444444443,False,False,False
2646,112.0,-1,0.4941,True,0.0,12.444444444444443,False,False,False
2647,131.0,-1,0.2112,True,0.0,14.555555555555555,False,False,False
2648,125.0,29,0.9064,False,14.0,13.888888888888888,True,True,False
2649,133.0,-1,0.3467,True,0.0,14.777777777777777,False,False,False
2650,105.0,25,0.1463,False,0.0,11.666666666666666,False,False,False
2651,108.0,33,0.1642,False,0.0,12.0,False,False,False
2652,144.0,20,0.3205,False,0.0,16.0,False,False,False
2653,126.0,29,0.2035,False,0.0,14.0,False,False,False
2654,135.0,29,0.8554,False,0.0,15.0,True,False,False
2655,139.0,25,0.3306,False,0.0,15.444444444444443,False,False,False
2656,102.0,14,0.5483,False,0.0,11.333333333333332,False,False,False
2657,109.0,29,0.2193,False,0.0,12.11111111111111,False,False,False
2658,127.0,23,0.2546,False,0.0,14.11111111111111,False,False,False
2659,115.0,20,0.375,False,0.0,12.777777777777777,False,False,False
2660,105.0,23,0.3697,False,0.0,11.666666666666666,False,False,False
2661,102.0,10,0.2361,False,0.0,11.333333333333332,False,False,False
2662,104.0,10,0.2403,False,0.0,11.555555555555555,False,False,False
2663,103.0,20,0.3954,False,16.0,11.444444444444445,False,True,False
2664,146.0,29,0.8988,False,0.0,16.22222222222222,True,False,False
2665,150.0,25,0.1497,False,0.0,16.666666666666664,False,False,False
2666,123.0,30,0.2078,False,0.0,13.666666666666666,False,False,False
2667,150.0,24,0.5874,False,0.0,16.666666666666664,False,False,False
2668,133.0,29,0.2803,False,0.0,14.777777777777777,False,False,False
2669,103.0,1,0.6819,False,0.0,11.444444444444445,False,False,False
2670,107.0,14,0.2804,False,0.0,11.888888888888888,False,False,False
2671,129.0,10,0.2175,False,0.0,14.333333333333332,False,False,False
2672,111.0,30,0.3033,False,0.0,12.333333333333332,False,False,False
2673,120.0,20,0.3923,False,0.0,13.333333333333332,False,False,False
2674,113.0,11,0.2356,False,0.0,12.555555555555555,False,False,False
2675,127.0,11,0.4208,False,0.0,14.11111111111111,False,False,False
2676,103.0,20,0.5746,False,0.0,11.444444444444445,False,False,False
2677,140.0,33,0.4685,False,0.0,15.555555555555555,False,False,False
2678,104.0,-1,0.5264,True,0.0,11.555555555555555,False,False,False
2679,134.0,11,0.2626,False,0.0,14.888888888888888,False,False,False
2680,139.0,33,0.8712,False,0.0,15.444444444444443,True,False,False
2681,109.0,10,0.3165,False,17.333333333333332,12.11111111111111,False,True,False
2682,104.0,20,0.8407,False,0.0,11.555555555555555,True,False,False
2683,101.0,33,0.3826,False,0.0,11.222222222222221,False,False,False
2684,107.0,-1,0.2369,True,0.0,11.888888888888888,False,False,False
2685,116.0,28,0.2148,False,37.333333333333336,12.888888888888888,False,True,False
2686,134.0,8,0.4383,False,0.0,14.888888888888888,False,False,False
2687,104.0,29,0.464,False,0.0,11.555555555555555,False,False,False
2688,104.0,33,0.1508,False,18.0,11.555555555555555,False,True,False
2689,110.0,28,0.5289,False,0.0,12.222222222222221,False,False,False
2690,107.0,11,0.2558,False,0.0,11.888888888888888,False,False,False
2691,106.0,-1,0.2982,True,0.0,11.777777777777777,False,False,False
2692,127.0,-1,0.3199,True,0.0,14.11111111111111,False,False,False
2693,108.0,23,0.2548,False,0.0,12.0,False,False,False
2694,120.0,29,0.4502,False,0.0,13.333333333333332,False,False,False
2695,125.0,-1,0.3584,True,0.0,13.888888888888888,False,False,False
2696,100.0,29,0.2125,False,0.0,11.11111111111111,False,False,False
2697,103.0,-1,0.2508,True,0.0,11.444444444444445,False,False,False
2698,106.0,23,0.7192,False,0.0,11.777777777777777,True,False,False
2699,133.0,31,0.3808,False,0.0,14.777777777777777,False,False,False
2700,147.0,5,0.1007,False,0.0,16.333333333333332,False,False,False
2701,101.0,10,0.3143,False,0.0,11.222222222222221,False,False,False
2702,104.0,-1,0.7363,True,0.0,11.555555555555555,False,False,False
2703,137.0,23,0.1914,False,0.0,15.222222222222221,False,False,False
2704,106.0,11,0.4971,False,0.0,11.777777777777777,False,False,False
2705,121.0,-1,0.4705,True,0.0,13.444444444444443,False,False,False
2706,105.0,10,0.4463,False,0.0,11.666666666666666,False,False,False
2707,124.0,10,0.2151,False,0.0,13.777777777777777,False,False,False
2708,104.0,23,0.3664,False,0.0,11.555555555555555,False,False,False
2709,122.0,29,0.6538,False,0.0,13.555555555555555,False,False,False
2710,134.0,20,0.1731,False,0.0,14.888888888888888,False,False,False
2711,100.0,-1,0.3394,True,0.0,11.11111111111111,False,False,False
2712,122.0,-1,0.3609,True,0.0,13.555555555555555,False,False,False
2713,102.0,30,0.5082,False,0.0,11.333333333333332,False,False,False
2714,122.0,31,0.5886,False,0.0,13.555555555555555,False,False,False
2715,120.0,-1,0.2727,True,0.0,13.333333333333332,False,False,False
2716,100.0,10,0.4279,False,0.0,11.11111111111111,False,False,False
2717,115.0,29,0.211,False,0.0,12.777777777777777,False,False,False
2718,120.0,28,0.3058,False,0.0,13.333333333333332,False,False,False
2719,128.0,31,0.4678,False,0.0,14.222222222222221,False,False,False
2720,123.0,-1,0.2294,True,0.0,13.666666666666666,False,False,False
2721,108.0,-1,0.5256,True,0.0,12.0,False,False,False
2722,102.0,-1,0.45,True,0.0,11.333333333333332,False,False,False
2723,109.0,11,0.5459,False,0.0,12.11111111111111,False,False,False
2724,117.0,29,0.8953,False,0.0,13.0,True,False,False
2725,128.0,20,0.3068,False,0.0,14.222222222222221,False,False,False
2726,103.0,-1,0.3722,True,0.0,11.444444444444445,False,False,False
2727,123.0,-1,0.4207,True,0.0,13.666666666666666,False,False,False
2728,109.0,11,0.7701,False,0.0,12.11111111111111,True,False,False
2729,130.0,20,0.6432,False,0.0,14.444444444444443,False,False,False
2730,109.0,20,0.3266,False,0.0,12.11111111111111,False,False,False
2731,102.0,28,0.5614,False,0.0,11.333333333333332,False,False,False
2732,118.0,11,0.413,False,0.0,13.11111111111111,False,False,False
2733,113.0,-1,0.5438,True,0.0,12.555555555555555,False,False,False
2734,102.0,23,0.2498,False,0.0,11.333333333333332,False,False,False
2735,119.0,29,0.441,False,0.0,13.222222222222221,False,False,False
2736,112.0,29,0.7366,False,12.0,12.444444444444443,True,True,False
2737,136.0,23,0.2311,False,0.0,15.11111111111111,False,False,False
2738,130.0,-1,0.1754,True,0.0,14.444444444444443,False,False,False
2739,125.0,-1,0.657,True,0.0,13.888888888888888,False,False,False
2740,104.0,5,0.2718,False,0.0,11.555555555555555,False,False,False
2741,112.0,28,0.2361,False,0.0,12.444444444444443,False,False,False
2742,136.0,25,0.378,False,0.0,15.11111111111111,False,False,False
2743,109.0,30,0.122,False,0.0,12.11111111111111,False,False,False
2744,117.0,28,0.4429,False,42.0,13.0,False,True,False
2745,129.0,-1,0.3583,True,0.0,14.333333333333332,False,False,False
2746,120.0,23,0.4123,False,0.0,13.333333333333332,False,False,False
2747,138.0,10,0.2247,False,0.0,15.333333333333332,False,False,False
2748,124.0,29,0.6484,False,0.0,13.777777777777777,False,False,False
2749,108.0,-1,0.1639,True,0.0,12.0,False,False,False
2750,123.0,23,0.1959,False,0.0,13.666666666666666,False,False,False
2751,131.0,24,0.2802,False,0.0,14.555555555555555,False,False,False
2752,131.0,-1,0.4181,True,0.0,14.555555555555555,False,False,False
2753,113.0,23,0.3484,False,0.0,12.555555555555555,False,False,False
2754,102.0,-1,0.7502,True,0.0,11.333333333333332,False,False,False
2755,128.0,23,0.5557,False,0.0,14.222222222222221,False,False,False
2756,129.0,20,0.192,False,0.0,14.333333333333332,False,False,False
2757,108.0,29,0.3844,False,0.0,12.0,False,False,False
2758,136.0,20,0.5771,False,0.0,15.11111111111111,False,False,False
2759,106.0,24,0.474,False,0.0,11.777777777777777,False,False,False
2760,134.0,14,0.1217,False,0.0,14.888888888888888,False,False,False
2761,139.0,20,0.6033,False,0.0,15.444444444444443,False,False,False
2762,100.0,8,0.2703,False,22.333333333333332,11.11111111111111,False,True,False
2763,136.0,24,0.1614,False,0.0,15.11111111111111,False,False,False
2764,140.0,20,0.8606,False,0.0,15.555555555555555,True,False,False
2765,103.0,-1,0.2807,True,0.0,11.444444444444445,False,False,False
2766,138.0,30,0.1482,False,23.666666666666668,15.333333333333332,False,True,False
2767,140.0,20,0.6166,False,0.0,15.555555555555555,False,False,False
2768,134.0,29,0.3402,False,0.0,14.888888888888888,False,False,False
2769,100.0,1,0.4202,False,0.0,11.11111111111111,False,False,False
2770,101.0,20,0.6162,False,0.0,11.222222222222221,False,False,False
2771,131.0,29,0.2426,False,0.0,14.555555555555555,False,False,False
2772,141.0,20,0.284,False,0.0,15.666666666666666,False,False,False
2773,101.0,25,0.2434,False,0.0,11.222222222222221,False,False,False
2774,106.0,29,0.5123,False,0.0,11.777777777777777,False,False,False
2775,100.0,14,0.2777,False,0.0,11.11111111111111,False,False,False
2776,118.0,10,0.19,False,0.0,13.11111111111111,False,False,False
2777,100.0,23,0.5892,False,0.0,11.11111111111111,False,False,False
2778,138.0,20,0.539,False,0.0,15.333333333333332,False,False,False
2779,126.0,29,0.5428,False,0.0,14.0,False,False,False
2780,104.0,23,0.1601,False,0.0,11.555555555555555,False,False,False
2781,100.0,23,0.1402,False,0.0,11.11111111111111,False,False,False
2782,137.0,20,0.3798,False,0.0,15.222222222222221,False,False,False
2783,109.0,8,0.1819,False,0.0,12.11111111111111,False,False,False
2784,122.0,29,0.7098,False,0.0,13.555555555555555,True,False,False
2785,113.0,6,0.1973,False,0.0,12.555555555555555,False,False,False
2786,100.0,25,0.343,False,0.0,11.11111111111111,False,False,False
2787,109.0,29,0.4583,False,0.0,12.11111111111111,False,False,False
2788,141.0,24,0.564,False,0.0,15.666666666666666,False,False,False
2789,110.0,28,0.3184,False,0.0,12.222222222222221,False,False,False
2790,117.0,20,0.2431,False,0.0,13.0,False,False,False
2791,128.0,29,0.3786,False,0.0,14.222222222222221,False,False,False
2792,100.0,20,0.332,False,0.0,11.11111111111111,False,False,False
2793,105.0,6,0.2165,False,0.0,11.666666666666666,False,False,False
2794,113.0,23,0.1843,False,17.333333333333332,12.555555555555555,False,True,False
2795,109.0,11,0.4456,False,0.0,12.11111111111111,False,False,False
2796,144.0,24,0.3781,False,0.0,16.0,False,False,False
2797,125.0,29,0.6444,False,0.0,13.888888888888888,False,False,False
2798,101.0,6,0.2397,False,0.0,11.222222222222221,False,False,False
2799,103.0,30,0.2338,False,0.0,11.444444444444445,False,False,False
2800,124.0,29,0.8072,False,0.0,13.777777777777777,True,False,False
2801,140.0,24,0.4412,False,0.0,15.555555555555555,False,False,False
2802,103.0,-1,0.2185,True,0.0,11.444444444444445,False,False,False
2803,113.0,31,0.1841,False,0.0,12.555555555555555,False,False,False
2804,108.0,36,0.2302,False,0.0,12.0,False,False,False
2805,141.0,24,0.3829,False,0.0,15.666666666666666,False,False,False
2806,115.0,25,0.2775,False,0.0,12.777777777777777,False,False,False
2807,119.0,29,0.358,False,0.0,13.222222222222221,False,False,False
2808,105.0,-1,0.3147,True,0.0,11.666666666666666,False,False,False
2809,107.0,11,0.1752,False,0.0,11.888888888888888,False,False,False
2810,110.0,11,0.1554,False,0.0,12.222222222222221,False,False,False
2811,104.0,29,0.3715,False,0.0,11.555555555555555,False,False,False
2812,114.0,31,0.1272,False,0.0,12.666666666666666,False,False,False
2813,142.0,24,0.592,False,0.0,15.777777777777777,False,False,False
2814,122.0,29,0.3696,False,0.0,13.555555555555555,False,False,False
2815,106.0,11,0.2638,False,0.0,11.777777777777777,False,False,False
2816,118.0,33,0.3061,False,19.0,13.11111111111111,False,True,False
2817,108.0,11,0.3518,False,0.0,12.0,False,False,False
2818,142.0,20,0.4626,False,0.0,15.777777777777777,False,False,False
2819,101.0,6,0.185,False,0.0,11.222222222222221,False,False,False
2820,123.0,29,0.2581,False,0.0,13.666666666666666,False,False,False
2821,125.0,29,0.2422,False,0.0,13.888888888888888,False,False,False
2822,113.0,25,0.3461,False,17.666666666666668,12.555555555555555,False,True,False
2823,102.0,50,0.2059,False,0.0,11.333333333333332,False,False,False
2824,100.0,29,0.9316,False,0.0,11.11111111111111,True,False,False
2825,142.0,20,0.3856,False,0.0,15.777777777777777,False,False,False
2826,107.0,10,0.2156,False,0.0,11.888888888888888,False,False,False
2827,102.0,-1,0.3372,True,0.0,11.333333333333332,False,False,False
2828,111.0,33,0.179,False,17.0,12.333333333333332,False,True,False
2829,121.0,29,0.6695,False,0.0,13.444444444444443,False,False,False
2830,140.0,20,0.2836,False,0.0,15.555555555555555,False,False,False
2831,142.0,20,0.2387,False,0.0,15.777777777777777,False,False,False
2832,108.0,5,0.1458,False,0.0,12.0,False,False,False
2833,115.0,29,0.6663,False,0.0,12.777777777777777,False,False,False
2834,102.0,28,0.1354,False,0.0,11.333333333333332,False,False,False
2835,109.0,31,0.1115,False,0.0,12.11111111111111,False,False,False
2836,138.0,20,0.5349,False,0.0,15.333333333333332,False,False,False
2837,101.0,28,0.1701,False,0.0,11.222222222222221,False,False,False
2838,121.0,29,0.5484,False,0.0,13.444444444444443,False,False,False
2839,109.0,-1,0.2627,True,0.0,12.11111111111111,False,False,False
2840,115.0,24,0.1954,False,0.0,12.777777777777777,False,False,False
2841,137.0,20,0.2086,False,0.0,15.222222222222221,False,False,False
2842,104.0,23,0.1501,False,0.0,11.555555555555555,False,False,False
2843,100.0,29,0.3108,False,0.0,11.11111111111111,False,False,False
2844,111.0,14,0.1923,False,0.0,12.333333333333332,False,False,False
2845,139.0,20,0.1662,False,0.0,15.444444444444443,False,False,False
2846,106.0,23,0.1154,False,0.0,11.777777777777777,False,False,False
2847,139.0,20,0.2311,False,0.0,15.444444444444443,False,False,False
2848,109.0,23,0.235,False,0.0,12.11111111111111,False,False,False
2849,113.0,20,0.114,False,16.0,12.555555555555555,False,True,False
2850,134.0,27,0.1075,False,0.0,14.888888888888888,False,False,False
2851,109.0,20,0.1522,False,0.0,12.11111111111111,False,False,False
2852,113.0,29,0.2042,False,0.0,12.555555555555555,False,False,False
2853,112.0,29,0.523,False,0.0,12.444444444444443,False,False,False
2854,106.0,5,0.1583,False,0.0,11.777777777777777,False,False,False
2855,136.0,20,0.4327,False,0.0,15.11111111111111,False,False,False
2856,100.0,-1,0.6036,True,0.0,11.11111111111111,False,False,False
2857,104.0,5,0.1635,False,16.0,11.555555555555555,False,True,False
2858,136.0,20,0.2405,False,0.0,15.11111111111111,False,False,False
2859,107.0,29,0.2619,False,0.0,11.888888888888888,False,False,False
2860,131.0,20,0.3107,False,0.0,14.555555555555555,False,False,False
2861,106.0,33,0.3854,False,0.0,11.777777777777777,False,False,False
2862,108.0,29,0.6274,False,0.0,12.0,False,False,False
2863,101.0,23,0.5627,False,0.0,11.222222222222221,False,False,False
2864,105.0,-1,0.5684,True,0.0,11.666666666666666,False,False,False
2865,105.0,20,0.2606,False,0.0,11.666666666666666,False,False,False
2866,110.0,28,0.3761,False,0.0,12.222222222222221,False,False,False
2867,116.0,23,0.6303,False,0.0,12.888888888888888,False,False,False
2868,121.0,20,0.1736,False,0.0,13.444444444444443,False,False,False
2869,144.0,23,0.3159,False,0.0,16.0,False,False,False
2870,102.0,-1,0.17,True,0.0,11.333333333333332,False,False,False
2871,109.0,20,0.1682,False,0.0,12.11111111111111,False,False,False
2872,188.0,30,0.6681,False,14.666666666666666,20.88888888888889,False,True,False
2873,146.0,28,0.1563,False,0.0,16.22222222222222,False,False,False
2874,112.0,10,0.2709,False,0.0,12.444444444444443,False,False,False
2875,114.0,29,0.5579,False,0.0,12.666666666666666,False,False,False
2876,100.0,10,0.3261,False,0.0,11.11111111111111,False,False,False
2877,101.0,1,0.381,False,0.0,11.222222222222221,False,False,False
2878,116.0,20,0.1944,False,0.0,12.888888888888888,False,False,False
2879,119.0,24,0.2461,False,0.0,13.222222222222221,False,False,False
2880,105.0,14,0.4845,False,0.0,11.666666666666666,False,False,False
2881,130.0,36,0.5492,False,0.0,14.444444444444443,False,False,False
2882,110.0,33,0.4506,False,0.0,12.222222222222221,False,False,False
2883,103.0,29,0.217,False,0.0,11.444444444444445,False,False,False
2884,142.0,23,0.4609,False,0.0,15.777777777777777,False,False,False
2885,103.0,29,0.5231,False,0.0,11.444444444444445,False,False,False
2886,103.0,24,0.378,False,0.0,11.444444444444445,False,False,False
2887,125.0,23,0.3937,False,0.0,13.888888888888888,False,False,False
2888,191.0,4,0.1315,False,0.0,21.22222222222222,False,False,False
2889,107.0,36,0.3167,False,0.0,11.888888888888888,False,False,False
2890,134.0,23,0.2853,False,0.0,14.888888888888888,False,False,False
2891,119.0,-1,0.3274,True,0.0,13.222222222222221,False,False,False
2892,104.0,11,0.2711,False,0.0,11.555555555555555,False,False,False
2893,103.0,-1,0.1761,True,0.0,11.444444444444445,False,False,False
2894,116.0,20,0.7878,False,0.0,12.888888888888888,True,False,False
2895,116.0,5,0.5754,False,0.0,12.888888888888888,False,False,False
2896,100.0,10,0.3254,False,0.0,11.11111111111111,False,False,False
2897,118.0,33,0.452,False,0.0,13.11111111111111,False,False,False
2898,106.0,10,0.2919,False,0.0,11.777777777777777,False,False,False
2899,136.0,5,0.185,False,0.0,15.11111111111111,False,False,False
2900,101.0,10,0.3604,False,0.0,11.222222222222221,False,False,False
2901,132.0,36,0.2097,False,0.0,14.666666666666666,False,False,False
2902,113.0,20,0.4661,False,0.0,12.555555555555555,False,False,False
2903,107.0,11,0.4894,False,20.333333333333332,11.888888888888888,False,True,False
2904,109.0,10,0.142,False,0.0,12.11111111111111,False,False,False
2905,122.0,23,0.2353,False,0.0,13.555555555555555,False,False,False
2906,133.0,30,0.1703,False,0.0,14.777777777777777,False,False,False
2907,108.0,-1,0.3907,True,0.0,12.0,False,False,False
2908,102.0,24,0.3777,False,0.0,11.333333333333332,False,False,False
2909,120.0,33,0.3047,False,0.0,13.333333333333332,False,False,False
2910,104.0,20,0.2809,False,0.0,11.555555555555555,False,False,False
2911,124.0,29,0.6476,False,0.0,13.777777777777777,False,False,False
2912,103.0,29,0.7245,False,0.0,11.444444444444445,True,False,False
2913,135.0,11,0.3283,False,0.0,15.0,False,False,False
2914,104.0,-1,0.2116,True,0.0,11.555555555555555,False,False,False
2915,113.0,20,0.336,False,0.0,12.555555555555555,False,False,False
2916,107.0,29,0.4123,False,0.0,11.888888888888888,False,False,False
2917,130.0,11,0.1394,False,0.0,14.444444444444443,False,False,False
2918,102.0,10,0.2692,False,0.0,11.333333333333332,False,False,False
2919,112.0,33,0.3319,False,0.0,12.444444444444443,False,False,False
2920,112.0,-1,0.9066,True,0.0,12.444444444444443,False,False,False
2921,100.0,-1,0.7363,True,0.0,11.11111111111111,False,False,False
2922,111.0,20,0.3268,False,0.0,12.333333333333332,False,False,False
2923,103.0,20,0.8168,False,0.0,11.444444444444445,True,False,False
2924,122.0,11,0.1288,False,0.0,13.555555555555555,False,False,False
2925,114.0,33,0.4139,False,0.0,12.666666666666666,False,False,False
2926,114.0,-1,0.7297,True,0.0,12.666666666666666,False,False,False
2927,113.0,10,0.1421,False,0.0,12.555555555555555,False,False,False
2928,154.0,24,0.3196,False,22.333333333333332,17.11111111111111,False,True,False
2929,107.0,20,0.5051,False,0.0,11.888888888888888,False,False,False
2930,127.0,11,0.7072,False,0.0,14.11111111111111,True,False,False
2931,109.0,20,0.5222,False,0.0,12.11111111111111,False,False,False
2932,113.0,33,0.2876,False,0.0,12.555555555555555,False,False,False
2933,133.0,11,0.7212,False,0.0,14.777777777777777,True,False,False
2934,166.0,20,0.3479,False,0.0,18.444444444444443,False,False,False
2935,105.0,20,0.3649,False,0.0,11.666666666666666,False,False,False
2936,101.0,36,0.5762,False,0.0,11.222222222222221,False,False,False
2937,157.0,8,0.1835,False,0.0,17.444444444444443,False,False,False
2938,113.0,-1,0.703,True,0.0,12.555555555555555,False,False,False
2939,128.0,11,0.6461,False,0.0,14.222222222222221,False,False,False
2940,154.0,30,0.1945,False,0.0,17.11111111111111,False,False,False
2941,102.0,20,0.5863,False,0.0,11.333333333333332,False,False,False
2942,136.0,11,0.922,False,0.0,15.11111111111111,True,False,False
2943,108.0,-1,0.9335,True,0.0,12.0,False,False,False
2944,105.0,30,0.5842,False,0.0,11.666666666666666,False,False,False
2945,128.0,11,0.3014,False,0.0,14.222222222222221,False,False,False
2946,107.0,33,0.1744,False,0.0,11.888888888888888,False,False,False
2947,131.0,-1,0.1881,True,0.0,14.555555555555555,False,False,False
2948,106.0,-1,0.2322,True,0.0,11.777777777777777,False,False,False
2949,108.0,33,0.2161,False,0.0,12.0,False,False,False
2950,127.0,11,0.871,False,0.0,14.11111111111111,True,False,False
2951,135.0,-1,0.5364,True,0.0,15.0,False,False,False
2952,140.0,11,0.8067,False,0.0,15.555555555555555,True,False,False
2953,114.0,20,0.4029,False,0.0,12.666666666666666,False,False,False
2954,101.0,23,0.4601,False,0.0,11.222222222222221,False,False,False
2955,134.0,11,0.6351,False,0.0,14.888888888888888,False,False,False
2956,106.0,20,0.5076,False,0.0,11.777777777777777,False,False,False
2957,121.0,11,0.6332,False,0.0,13.444444444444443,False,False,False
2958,109.0,20,0.5946,False,0.0,12.11111111111111,False,False,False
2959,105.0,10,0.4461,False,0.0,11.666666666666666,False,False,False
2960,132.0,11,0.6882,False,0.0,14.666666666666666,False,False,False
2961,116.0,20,0.482,False,0.0,12.888888888888888,False,False,False
2962,105.0,10,0.2468,False,0.0,11.666666666666666,False,False,False
2963,117.0,11,0.1897,False,0.0,13.0,False,False,False
2964,112.0,20,0.3381,False,0.0,12.444444444444443,False,False,False
2965,133.0,11,0.6219,False,0.0,14.777777777777777,False,False,False
2966,110.0,11,0.5734,False,0.0,12.222222222222221,False,False,False
2967,110.0,20,0.5038,False,0.0,12.222222222222221,False,False,False
2968,103.0,10,0.2702,False,0.0,11.444444444444445,False,False,False
2969,125.0,11,0.2889,False,24.666666666666668,13.888888888888888,False,True,False
2970,114.0,4,0.2296,False,0.0,12.666666666666666,False,False,False
2971,139.0,11,0.7119,False,0.0,15.444444444444443,True,False,False
2972,103.0,11,0.4883,False,0.0,11.444444444444445,False,False,False
2973,143.0,20,0.256,False,0.0,15.888888888888888,False,False,False
2974,106.0,20,0.2401,False,0.0,11.777777777777777,False,False,False
2975,116.0,20,0.2062,False,0.0,12.888888888888888,False,False,False
2976,143.0,28,0.422,False,0.0,15.888888888888888,False,False,False
2977,111.0,20,0.5439,False,0.0,12.333333333333332,False,False,False
2978,136.0,10,0.1625,False,0.0,15.11111111111111,False,False,False
2979,114.0,20,0.4244,False,0.0,12.666666666666666,False,False,False
2980,139.0,11,0.3361,False,0.0,15.444444444444443,False,False,False
2981,114.0,-1,0.4051,True,0.0,12.666666666666666,False,False,False
2982,146.0,10,0.1386,False,0.0,16.22222222222222,False,False,False
2983,108.0,10,0.712,False,0.0,12.0,True,False,False
2984,107.0,20,0.2584,False,0.0,11.888888888888888,False,False,False
2985,106.0,11,0.4164,False,0.0,11.777777777777777,False,False,False
2986,145.0,27,0.1719,False,0.0,16.11111111111111,False,False,False
2987,110.0,11,0.3416,False,0.0,12.222222222222221,False,False,False
2988,116.0,4,0.2057,False,0.0,12.888888888888888,False,False,False
2989,136.0,10,0.212,False,0.0,15.11111111111111,False,False,False
2990,103.0,23,0.2958,False,0.0,11.444444444444445,False,False,False
2991,109.0,20,0.3033,False,0.0,12.11111111111111,False,False,False
2992,110.0,10,0.2522,False,0.0,12.222222222222221,False,False,False
2993,140.0,11,0.2261,False,0.0,15.555555555555555,False,False,False
2994,115.0,20,0.5879,False,0.0,12.777777777777777,False,False,False
2995,102.0,11,0.2582,False,0.0,11.333333333333332,False,False,False
2996,152.0,11,0.2471,False,0.0,16.88888888888889,False,False,False
2997,105.0,20,0.5734,False,0.0,11.666666666666666,False,False,False
2998,150.0,-1,0.1439,True,0.0,16.666666666666664,False,False,False
2999,109.0,11,0.1816,False,0.0,12.11111111111111,False,False,False
3000,106.0,20,0.326,False,0.0,11.777777777777777,False,False,False
3001,110.0,20,0.1426,False,0.0,12.222222222222221,False,False,False
3002,111.0,20,0.8824,False,0.0,12.333333333333332,True,False,False
3003,148.0,10,0.12,False,0.0,16.444444444444443,False,False,False
3004,103.0,23,0.1545,False,0.0,11.444444444444445,False,False,False
3005,114.0,20,0.147,False,0.0,12.666666666666666,False,False,False
3006,150.0,11,0.3959,False,0.0,16.666666666666664,False,False,False
3007,106.0,20,0.4004,False,0.0,11.777777777777777,False,False,False
3008,103.0,20,0.6916,False,0.0,11.444444444444445,False,False,False
3009,144.0,10,0.5154,False,0.0,16.0,False,False,False
3010,108.0,23,0.3105,False,0.0,12.0,False,False,False
3011,108.0,10,0.5661,False,27.333333333333332,12.0,False,True,False
3012,115.0,20,0.367,False,0.0,12.777777777777777,False,False,False
3013,101.0,20,0.735,False,0.0,11.222222222222221,True,False,False
3014,150.0,10,0.181,False,0.0,16.666666666666664,False,False,False
3015,111.0,10,0.7901,False,20.333333333333332,12.333333333333332,True,True,False
3016,100.0,20,0.3547,False,0.0,11.11111111111111,False,False,False
3017,144.0,11,0.3033,False,16.0,16.0,False,True,False
3018,104.0,20,0.2217,False,0.0,11.555555555555555,False,False,False
3019,105.0,11,0.3578,False,0.0,11.666666666666666,False,False,False
3020,149.0,11,0.1715,False,0.0,16.555555555555554,False,False,False
3021,100.0,20,0.7614,False,0.0,11.11111111111111,True,False,False
3022,142.0,-1,0.1977,True,0.0,15.777777777777777,False,False,False
3023,104.0,11,0.2481,False,0.0,11.555555555555555,False,False,False
3024,140.0,24,0.2183,False,0.0,15.555555555555555,False,False,False
3025,105.0,10,0.415,False,0.0,11.666666666666666,False,False,False
3026,143.0,23,0.2507,False,0.0,15.888888888888888,False,False,False
3027,103.0,-1,0.2473,True,0.0,11.444444444444445,False,False,False
3028,135.0,10,0.3222,False,0.0,15.0,False,False,False
3029,132.0,-1,0.2921,True,0.0,14.666666666666666,False,False,False
3030,103.0,-1,0.4076,True,0.0,11.444444444444445,False,False,False
3031,112.0,24,0.237,False,0.0,12.444444444444443,False,False,False
3032,106.0,20,0.9298,False,0.0,11.777777777777777,True,False,False
3033,135.0,-1,0.2569,True,0.0,15.0,False,False,False
3034,134.0,11,0.1337,False,0.0,14.888888888888888,False,False,False
3035,101.0,20,0.4702,False,0.0,11.222222222222221,False,False,False
3036,122.0,2,0.1718,False,0.0,13.555555555555555,False,False,False
3037,104.0,-1,0.4717,True,0.0,11.555555555555555,False,False,False
3038,129.0,10,0.2664,False,0.0,14.333333333333332,False,False,False
3039,134.0,-1,0.3801,True,0.0,14.888888888888888,False,False,False
3040,134.0,4,0.2242,False,0.0,14.888888888888888,False,False,False
3041,101.0,20,0.8987,False,0.0,11.222222222222221,True,False,False
3042,132.0,-1,0.3349,True,0.0,14.666666666666666,False,False,False
3043,145.0,2,0.3692,False,0.0,16.11111111111111,False,False,False
3044,116.0,36,0.3252,False,0.0,12.888888888888888,False,False,False
3045,134.0,-1,0.2032,True,0.0,14.888888888888888,False,False,False
3046,142.0,2,0.3983,False,0.0,15.777777777777777,False,False,False
3047,130.0,10,0.4159,False,0.0,14.444444444444443,False,False,False
3048,100.0,20,0.9458,False,0.0,11.11111111111111,True,False,False
3049,117.0,10,0.2104,False,0.0,13.0,False,False,False
3050,131.0,-1,0.2088,True,0.0,14.555555555555555,False,False,False
3051,139.0,2,0.3286,False,0.0,15.444444444444443,False,False,False
3052,106.0,20,0.9803,False,0.0,11.777777777777777,True,False,False
3053,110.0,20,0.7819,False,0.0,12.222222222222221,True,False,False
3054,116.0,10,0.2322,False,0.0,12.888888888888888,False,False,False
3055,133.0,-1,0.2292,True,0.0,14.777777777777777,False,False,False
3056,141.0,2,0.2953,False,0.0,15.666666666666666,False,False,False
3057,102.0,23,0.494,False,0.0,11.333333333333332,False,False,False
3058,141.0,2,0.2167,False,0.0,15.666666666666666,False,False,False
3059,131.0,-1,0.2951,True,0.0,14.555555555555555,False,False,False
3060,111.0,30,0.0955,False,0.0,12.333333333333332,False,False,False
3061,103.0,4,0.405,False,0.0,11.444444444444445,False,False,False
3062,115.0,-1,0.4181,True,0.0,12.777777777777777,False,False,False
3063,107.0,-1,0.3702,True,0.0,11.888888888888888,False,False,False
3064,112.0,-1,0.2974,True,0.0,12.444444444444443,False,False,False
3065,104.0,20,0.8919,False,24.0,11.555555555555555,True,True,False
3066,104.0,20,0.8646,False,0.0,11.555555555555555,True,False,False
3067,114.0,20,0.5062,False,0.0,12.666666666666666,False,False,False
3068,114.0,20,0.5417,False,0.0,12.666666666666666,False,False,False
3069,105.0,-1,0.5813,True,0.0,11.666666666666666,False,False,False
3070,113.0,20,0.7285,False,0.0,12.555555555555555,True,False,False
3071,108.0,-1,0.6818,True,0.0,12.0,False,False,False
3072,113.0,20,0.5945,False,0.0,12.555555555555555,False,False,False
3073,103.0,-1,0.1052,True,0.0,11.444444444444445,False,False,False
3074,117.0,20,0.1914,False,0.0,13.0,False,False,False
3075,128.0,10,0.1012,False,0.0,14.222222222222221,False,False,False
3076,126.0,20,0.5379,False,0.0,14.0,False,False,False
3077,109.0,10,0.6491,False,0.0,12.11111111111111,False,False,False
3078,105.0,20,0.4101,False,0.0,11.666666666666666,False,False,False
3079,101.0,20,0.8832,False,0.0,11.222222222222221,True,False,False
3080,113.0,23,0.1948,False,0.0,12.555555555555555,False,False,False
3081,116.0,11,0.2578,False,0.0,12.888888888888888,False,False,False
3082,125.0,20,0.7579,False,0.0,13.888888888888888,True,False,False
3083,102.0,29,0.9971,False,0.0,11.333333333333332,True,False,False
3084,119.0,10,0.4235,False,0.0,13.222222222222221,False,False,False
3085,106.0,30,0.6794,False,0.0,11.777777777777777,False,False,False
3086,104.0,20,0.2543,False,0.0,11.555555555555555,False,False,False
3087,104.0,30,0.203,False,0.0,11.555555555555555,False,False,False
3088,125.0,5,0.6437,False,20.0,13.888888888888888,False,True,False
3089,101.0,20,0.2196,False,0.0,11.222222222222221,False,False,False
3090,122.0,20,0.323,False,0.0,13.555555555555555,False,False,False
3091,107.0,10,0.1848,False,0.0,11.888888888888888,False,False,False
3092,125.0,20,0.4794,False,0.0,13.888888888888888,False,False,False
3093,128.0,20,0.4664,False,0.0,14.222222222222221,False,False,False
3094,101.0,30,0.1569,False,0.0,11.222222222222221,False,False,False
3095,117.0,23,0.2491,False,0.0,13.0,False,False,False
3096,104.0,10,0.2165,False,0.0,11.555555555555555,False,False,False
3097,105.0,5,0.2282,False,0.0,11.666666666666666,False,False,False
3098,110.0,10,0.3134,False,0.0,12.222222222222221,False,False,False
3099,103.0,3,0.2181,False,0.0,11.444444444444445,False,False,False
3100,119.0,20,0.7582,False,0.0,13.222222222222221,True,False,False
3101,112.0,20,0.8716,False,0.0,12.444444444444443,True,False,False
3102,133.0,10,0.5312,False,0.0,14.777777777777777,False,False,False
3103,108.0,20,0.3218,False,0.0,12.0,False,False,False
3104,109.0,20,0.7587,False,0.0,12.11111111111111,True,False,False
3105,140.0,11,0.7852,False,0.0,15.555555555555555,True,False,False
3106,140.0,11,0.7418,False,0.0,15.555555555555555,True,False,False
3107,126.0,10,0.2172,False,0.0,14.0,False,False,False
3108,112.0,20,0.9135,False,0.0,12.444444444444443,True,False,False
3109,101.0,11,0.3189,False,0.0,11.222222222222221,False,False,False
3110,101.0,11,0.1521,False,0.0,11.222222222222221,False,False,False
3111,125.0,20,0.8838,False,0.0,13.888888888888888,True,False,False
3112,108.0,20,0.634,False,16.333333333333332,12.0,False,True,False
3113,111.0,20,0.3387,False,0.0,12.333333333333332,False,False,False
3114,115.0,11,0.4998,False,0.0,12.777777777777777,False,False,False
3115,134.0,10,0.1609,False,0.0,14.888888888888888,False,False,False
3116,112.0,11,0.4057,False,0.0,12.444444444444443,False,False,False
3117,113.0,10,0.4912,False,0.0,12.555555555555555,False,False,False
3118,130.0,28,0.1941,False,0.0,14.444444444444443,False,False,False
3119,123.0,36,0.2181,False,0.0,13.666666666666666,False,False,False
3120,109.0,11,0.2565,False,0.0,12.11111111111111,False,False,False
3121,120.0,20,0.3997,False,0.0,13.333333333333332,False,False,False
3122,115.0,-1,0.1933,True,0.0,12.777777777777777,False,False,False
3123,123.0,16,0.1894,False,0.0,13.666666666666666,False,False,False
3124,108.0,20,0.6914,False,0.0,12.0,False,False,False
3125,133.0,11,0.4955,False,0.0,14.777777777777777,False,False,False
3126,116.0,36,0.2647,False,0.0,12.888888888888888,False,False,False
3127,105.0,28,0.2594,False,0.0,11.666666666666666,False,False,False
3128,133.0,10,0.1139,False,0.0,14.777777777777777,False,False,False
3129,119.0,10,0.2036,False,0.0,13.222222222222221,False,False,False
3130,100.0,20,0.5041,False,0.0,11.11111111111111,False,False,False
3131,112.0,33,0.2564,False,0.0,12.444444444444443,False,False,False
3132,102.0,20,0.3015,False,0.0,11.333333333333332,False,False,False
3133,127.0,11,0.4031,False,0.0,14.11111111111111,False,False,False
3134,101.0,20,0.426,False,0.0,11.222222222222221,False,False,False
3135,101.0,20,0.8304,False,0.0,11.222222222222221,True,False,False
3136,122.0,10,0.5752,False,0.0,13.555555555555555,False,False,False
3137,131.0,10,0.4533,False,0.0,14.555555555555555,False,False,False
3138,131.0,10,0.629,False,0.0,14.555555555555555,False,False,False
3139,120.0,20,0.3842,False,0.0,13.333333333333332,False,False,False
3140,117.0,20,0.2795,False,0.0,13.0,False,False,False
3141,120.0,11,0.1648,False,0.0,13.333333333333332,False,False,False
3142,126.0,10,0.4002,False,0.0,14.0,False,False,False
3143,123.0,11,0.2636,False,0.0,13.666666666666666,False,False,False
3144,120.0,11,0.8691,False,0.0,13.333333333333332,True,False,False
3145,130.0,11,0.7032,False,0.0,14.444444444444443,True,False,False
3146,120.0,20,0.8339,False,0.0,13.333333333333332,True,False,False
3147,111.0,33,0.6983,False,0.0,12.333333333333332,False,False,False
3148,118.0,20,0.2781,False,0.0,13.11111111111111,False,False,False
3149,131.0,10,0.5787,False,0.0,14.555555555555555,False,False,False
3150,120.0,6,0.1606,False,0.0,13.333333333333332,False,False,False
3151,122.0,11,0.3915,False,0.0,13.555555555555555,False,False,False
3152,125.0,36,0.1844,False,0.0,13.888888888888888,False,False,False
3153,114.0,20,0.3065,False,0.0,12.666666666666666,False,False,False
3154,117.0,11,0.2424,False,0.0,13.0,False,False,False
3155,119.0,-1,0.1571,True,0.0,13.222222222222221,False,False,False
3156,107.0,1,0.2106,False,0.0,11.888888888888888,False,False,False
3157,125.0,20,0.2044,False,17.0,13.888888888888888,False,True,False
3158,116.0,20,0.8846,False,0.0,12.888888888888888,True,False,False
3159,116.0,11,0.7437,False,0.0,12.888888888888888,True,False,False
3160,126.0,11,0.272,False,0.0,14.0,False,False,False
3161,123.0,11,0.1677,False,0.0,13.666666666666666,False,False,False
3162,121.0,20,0.4908,False,0.0,13.444444444444443,False,False,False
3163,111.0,14,0.1362,False,0.0,12.333333333333332,False,False,False
3164,120.0,11,0.7814,False,0.0,13.333333333333332,True,False,False
3165,120.0,20,0.7731,False,0.0,13.333333333333332,True,False,False
3166,106.0,30,0.1675,False,0.0,11.777777777777777,False,False,False
3167,125.0,20,0.3341,False,0.0,13.888888888888888,False,False,False
3168,123.0,11,0.668,False,0.0,13.666666666666666,False,False,False
3169,121.0,20,0.8555,False,0.0,13.444444444444443,True,False,False
3170,108.0,-1,0.7907,True,0.0,12.0,False,False,False
3171,113.0,1,0.3248,False,0.0,12.555555555555555,False,False,False
3172,114.0,11,0.9407,False,0.0,12.666666666666666,True,False,False
3173,115.0,11,0.6843,False,0.0,12.777777777777777,False,False,False
3174,122.0,11,0.1404,False,0.0,13.555555555555555,False,False,False
3175,117.0,11,0.5683,False,0.0,13.0,False,False,False
3176,126.0,33,0.2466,False,0.0,14.0,False,False,False
3177,126.0,20,0.9247,False,0.0,14.0,True,False,False
3178,107.0,20,0.7448,False,0.0,11.888888888888888,True,False,False
3179,110.0,1,0.1496,False,10.333333333333334,12.222222222222221,False,True,False
3180,117.0,20,0.6926,False,15.666666666666666,13.0,False,True,False
3181,128.0,20,0.9261,False,0.0,14.222222222222221,True,False,False
3182,108.0,20,0.9507,False,0.0,12.0,True,False,False
3183,124.0,29,0.1493,False,0.0,13.777777777777777,False,False,False
3184,118.0,11,0.7877,False,0.0,13.11111111111111,True,False,False
3185,110.0,1,0.17,False,0.0,12.222222222222221,False,False,False
3186,120.0,36,0.423,False,0.0,13.333333333333332,False,False,False
3187,126.0,11,0.8213,False,25.0,14.0,True,True,False
3188,131.0,20,0.7784,False,0.0,14.555555555555555,True,False,False
3189,116.0,20,0.4896,False,0.0,12.888888888888888,False,False,False
3190,111.0,1,0.2402,False,0.0,12.333333333333332,False,False,False
3191,110.0,4,0.3338,False,0.0,12.222222222222221,False,False,False
3192,116.0,20,0.4299,False,0.0,12.888888888888888,False,False,False
3193,135.0,4,0.2728,False,0.0,15.0,False,False,False
3194,117.0,10,0.3865,False,0.0,13.0,False,False,False
3195,113.0,20,0.5984,False,0.0,12.555555555555555,False,False,False
3196,142.0,-1,0.1934,True,0.0,15.777777777777777,False,False,False
3197,107.0,30,0.1126,False,0.0,11.888888888888888,False,False,False
3198,100.0,33,0.2674,False,0.0,11.11111111111111,False,False,False
3199,128.0,10,0.2971,False,0.0,14.222222222222221,False,False,False
3200,134.0,4,0.2582,False,0.0,14.888888888888888,False,False,False
3201,117.0,20,0.5912,False,0.0,13.0,False,False,False
3202,110.0,20,0.1918,False,0.0,12.222222222222221,False,False,False
3203,138.0,-1,0.2149,True,0.0,15.333333333333332,False,False,False
3204,104.0,33,0.2814,False,0.0,11.555555555555555,False,False,False
3205,104.0,10,0.2923,False,0.0,11.555555555555555,False,False,False
3206,101.0,33,0.3759,False,0.0,11.222222222222221,False,False,False
3207,111.0,20,0.5209,False,0.0,12.333333333333332,False,False,False
3208,120.0,20,0.8776,False,0.0,13.333333333333332,True,False,False
3209,137.0,1,0.1867,False,0.0,15.222222222222221,False,False,False
3210,129.0,29,0.2814,False,17.0,14.333333333333332,False,True,False
3211,139.0,-1,0.1922,True,0.0,15.444444444444443,False,False,False
3212,104.0,-1,0.2355,True,0.0,11.555555555555555,False,False,False
3213,135.0,-1,0.1621,True,0.0,15.0,False,False,False
3214,130.0,30,0.4476,False,0.0,14.444444444444443,False,False,False
3215,139.0,-1,0.3755,True,0.0,15.444444444444443,False,False,False
3216,130.0,36,0.5896,False,0.0,14.444444444444443,False,False,False
3217,119.0,20,0.4122,False,0.0,13.222222222222221,False,False,False
3218,107.0,33,0.4208,False,0.0,11.888888888888888,False,False,False
3219,115.0,20,0.7709,False,0.0,12.777777777777777,True,False,False
3220,135.0,-1,0.3511,True,0.0,15.0,False,False,False
3221,143.0,-1,0.5184,True,0.0,15.888888888888888,False,False,False
3222,112.0,-1,0.164,True,0.0,12.444444444444443,False,False,False
3223,126.0,11,0.1214,False,0.0,14.0,False,False,False
3224,111.0,24,0.4961,False,0.0,12.333333333333332,False,False,False
3225,102.0,11,0.416,False,0.0,11.333333333333332,False,False,False
3226,154.0,3,0.2701,False,0.0,17.11111111111111,False,False,False
3227,102.0,36,0.1261,False,14.0,11.333333333333332,False,True,False
3228,134.0,-1,0.3667,True,0.0,14.888888888888888,False,False,False
3229,116.0,20,0.7193,False,0.0,12.888888888888888,True,False,False
3230,103.0,28,0.3099,False,0.0,11.444444444444445,False,False,False
3231,143.0,-1,0.3537,True,0.0,15.888888888888888,False,False,False
3232,130.0,11,0.3601,False,0.0,14.444444444444443,False,False,False
3233,157.0,9,0.1887,False,0.0,17.444444444444443,False,False,False
3234,194.0,11,0.3257,False,0.0,21.555555555555554,False,False,False
3235,100.0,30,0.5208,False,29.333333333333332,11.11111111111111,False,True,False
3236,124.0,10,0.6373,False,0.0,13.777777777777777,False,False,False
3237,103.0,20,0.405,False,0.0,11.444444444444445,False,False,False
3238,126.0,20,0.6288,False,0.0,14.0,False,False,False
3239,101.0,8,0.6933,False,0.0,11.222222222222221,False,False,False
3240,127.0,36,0.1946,False,0.0,14.11111111111111,False,False,False
3241,103.0,36,0.1275,False,0.0,11.444444444444445,False,False,False
3242,102.0,20,0.6727,False,0.0,11.333333333333332,False,False,False
3243,123.0,20,0.8306,False,0.0,13.666666666666666,True,False,False
3244,100.0,-1,0.4474,True,0.0,11.11111111111111,False,False,False
3245,105.0,-1,0.1797,True,0.0,11.666666666666666,False,False,False
3246,105.0,33,0.3932,False,0.0,11.666666666666666,False,False,False
3247,118.0,20,0.2071,False,0.0,13.11111111111111,False,False,False
3248,139.0,20,0.6363,False,0.0,15.444444444444443,False,False,False
3249,134.0,10,0.2937,False,0.0,14.888888888888888,False,False,False
3250,110.0,10,0.1346,False,0.0,12.222222222222221,False,False,False
3251,128.0,20,0.9089,False,0.0,14.222222222222221,True,False,False
3252,107.0,20,0.4273,False,0.0,11.888888888888888,False,False,False
3253,131.0,20,0.9274,False,0.0,14.555555555555555,True,False,False
3254,148.0,20,0.5366,False,0.0,16.444444444444443,False,False,False
3255,103.0,20,0.6629,False,0.0,11.444444444444445,False,False,False
3256,136.0,10,0.4824,False,0.0,15.11111111111111,False,False,False
3257,110.0,11,0.1569,False,0.0,12.222222222222221,False,False,False
3258,100.0,20,0.2638,False,18.666666666666668,11.11111111111111,False,True,False
3259,112.0,11,0.1224,False,0.0,12.444444444444443,False,False,False
3260,133.0,10,0.273,False,0.0,14.777777777777777,False,False,False
3261,113.0,20,0.4432,False,27.333333333333332,12.555555555555555,False,True,False
3262,107.0,11,0.1615,False,0.0,11.888888888888888,False,False,False
3263,143.0,20,0.5832,False,0.0,15.888888888888888,False,False,False
3264,151.0,10,0.5863,False,0.0,16.77777777777778,False,False,False
3265,149.0,10,0.2297,False,0.0,16.555555555555554,False,False,False
3266,109.0,20,0.5512,False,0.0,12.11111111111111,False,False,False
3267,113.0,36,0.0849,False,0.0,12.555555555555555,False,False,False
3268,104.0,4,0.1384,False,0.0,11.555555555555555,False,False,False
3269,137.0,10,0.2242,False,16.666666666666668,15.222222222222221,False,True,False
3270,109.0,11,0.1066,False,0.0,12.11111111111111,False,False,False
3271,147.0,20,0.4043,False,0.0,16.333333333333332,False,False,False
3272,103.0,20,0.6809,False,14.333333333333334,11.444444444444445,False,True,False
3273,108.0,8,0.9282,False,0.0,12.0,True,False,False
3274,108.0,6,0.1768,False,0.0,12.0,False,False,False
3275,152.0,20,0.631,False,0.0,16.88888888888889,False,False,False
3276,116.0,20,0.3903,False,0.0,12.888888888888888,False,False,False
3277,153.0,10,0.6364,False,0.0,17.0,False,False,False
3278,100.0,8,0.5685,False,0.0,11.11111111111111,False,False,False
3279,109.0,36,0.2806,False,15.333333333333334,12.11111111111111,False,True,False
3280,153.0,10,0.6933,False,0.0,17.0,False,False,False
3281,103.0,24,0.1533,False,0.0,11.444444444444445,False,False,False
3282,107.0,20,0.4359,False,0.0,11.888888888888888,False,False,False
3283,138.0,10,0.2871,False,0.0,15.333333333333332,False,False,False
3284,142.0,20,0.6143,False,0.0,15.777777777777777,False,False,False
3285,119.0,24,0.1539,False,0.0,13.222222222222221,False,False,False
3286,122.0,20,0.1388,False,0.0,13.555555555555555,False,False,False
3287,140.0,20,0.8978,False,0.0,15.555555555555555,True,False,False
3288,141.0,20,0.941,False,0.0,15.666666666666666,True,False,False
3289,114.0,20,0.3081,False,0.0,12.666666666666666,False,False,False
3290,136.0,20,0.7859,False,0.0,15.11111111111111,True,False,False
3291,114.0,36,0.3603,False,0.0,12.666666666666666,False,False,False
3292,102.0,34,0.1829,False,0.0,11.333333333333332,False,False,False
3293,141.0,33,0.5523,False,0.0,15.666666666666666,False,False,False
3294,102.0,10,0.1466,False,0.0,11.333333333333332,False,False,False
3295,101.0,1,0.4073,False,0.0,11.222222222222221,False,False,False
3296,110.0,-1,0.0929,True,0.0,12.222222222222221,False,False,False
3297,141.0,33,0.4819,False,0.0,15.666666666666666,False,False,False
3298,113.0,30,0.4521,False,0.0,12.555555555555555,False,False,False
3299,114.0,24,0.2198,False,0.0,12.666666666666666,False,False,False
3300,119.0,5,0.1486,False,0.0,13.222222222222221,False,False,False
3301,138.0,20,0.8986,False,0.0,15.333333333333332,True,False,False
3302,131.0,23,0.1205,False,0.0,14.555555555555555,False,False,False
3303,105.0,23,0.125,False,0.0,11.666666666666666,False,False,False
3304,133.0,36,0.3127,False,0.0,14.777777777777777,False,False,False
3305,136.0,20,0.6067,False,0.0,15.11111111111111,False,False,False
3306,102.0,20,0.2354,False,0.0,11.333333333333332,False,False,False
3307,127.0,20,0.603,False,0.0,14.11111111111111,False,False,False
3308,128.0,11,0.1583,False,0.0,14.222222222222221,False,False,False
3309,106.0,20,0.1808,False,0.0,11.777777777777777,False,False,False
3310,119.0,33,0.5408,False,0.0,13.222222222222221,False,False,False
3311,134.0,36,0.1947,False,0.0,14.888888888888888,False,False,False
3312,101.0,24,0.1187,False,0.0,11.222222222222221,False,False,False
3313,108.0,-1,0.5485,True,0.0,12.0,False,False,False
3314,122.0,33,0.457,False,0.0,13.555555555555555,False,False,False
3315,125.0,11,0.3647,False,0.0,13.888888888888888,False,False,False
3316,106.0,-1,0.7249,True,0.0,11.777777777777777,False,False,False
3317,112.0,24,0.5038,False,0.0,12.444444444444443,False,False,False
3318,101.0,33,0.2655,False,0.0,11.222222222222221,False,False,False
3319,132.0,33,0.6445,False,0.0,14.666666666666666,False,False,False
3320,101.0,8,0.1563,False,0.0,11.222222222222221,False,False,False
3321,122.0,11,0.1367,False,0.0,13.555555555555555,False,False,False
3322,133.0,30,0.1265,False,0.0,14.777777777777777,False,False,False
3323,134.0,20,0.6939,False,0.0,14.888888888888888,False,False,False
3324,101.0,-1,0.2546,True,0.0,11.222222222222221,False,False,False
3325,148.0,28,0.1699,False,0.0,16.444444444444443,False,False,False
3326,126.0,11,0.2227,False,0.0,14.0,False,False,False
3327,111.0,6,0.5005,False,0.0,12.333333333333332,False,False,False
3328,157.0,11,0.2883,False,0.0,17.444444444444443,False,False,False
3329,134.0,20,0.5294,False,0.0,14.888888888888888,False,False,False
3330,103.0,-1,0.5748,True,0.0,11.444444444444445,False,False,False
3331,111.0,11,0.5523,False,0.0,12.333333333333332,False,False,False
3332,138.0,36,0.2101,False,0.0,15.333333333333332,False,False,False
3333,127.0,33,0.7022,False,17.666666666666668,14.11111111111111,True,True,False
3334,172.0,11,0.2512,False,0.0,19.11111111111111,False,False,False
3335,116.0,-1,0.343,True,0.0,12.888888888888888,False,False,False
3336,144.0,10,0.2458,False,0.0,16.0,False,False,False
3337,107.0,11,0.3049,False,14.333333333333334,11.888888888888888,False,True,False
3338,174.0,11,0.2677,False,0.0,19.333333333333332,False,False,False
3339,136.0,33,0.6399,False,0.0,15.11111111111111,False,False,False
3340,140.0,11,0.1868,False,0.0,15.555555555555555,False,False,False
3341,130.0,33,0.399,False,0.0,14.444444444444443,False,False,False
3342,148.0,10,0.2234,False,0.0,16.444444444444443,False,False,False
3343,112.0,-1,0.2266,True,17.666666666666668,12.444444444444443,False,True,False
3344,154.0,-1,0.238,True,0.0,17.11111111111111,False,False,False
3345,103.0,-1,0.39,True,0.0,11.444444444444445,False,False,False
3346,132.0,33,0.56,False,0.0,14.666666666666666,False,False,False
3347,108.0,11,0.713,False,0.0,12.0,True,False,False
3348,134.0,20,0.4419,False,0.0,14.888888888888888,False,False,False
3349,146.0,28,0.2479,False,0.0,16.22222222222222,False,False,False
3350,108.0,10,0.2317,False,0.0,12.0,False,False,False
3351,132.0,20,0.2318,False,0.0,14.666666666666666,False,False,False
3352,120.0,10,0.7058,False,0.0,13.333333333333332,True,False,False
3353,117.0,20,0.9425,False,0.0,13.0,True,False,False
3354,100.0,-1,0.2091,True,0.0,11.11111111111111,False,False,False
3355,147.0,11,0.1903,False,0.0,16.333333333333332,False,False,False
3356,126.0,33,0.2981,False,0.0,14.0,False,False,False
3357,121.0,10,0.6608,False,0.0,13.444444444444443,False,False,False
3358,106.0,20,0.591,False,0.0,11.777777777777777,False,False,False
3359,140.0,24,0.1359,False,0.0,15.555555555555555,False,False,False
3360,110.0,20,0.9491,False,17.333333333333332,12.222222222222221,True,True,False
3361,127.0,33,0.205,False,0.0,14.11111111111111,False,False,False
3362,114.0,10,0.6145,False,0.0,12.666666666666666,False,False,False
3363,109.0,11,0.6438,False,0.0,12.11111111111111,False,False,False
3364,108.0,11,0.4224,False,0.0,12.0,False,False,False
3365,106.0,10,0.4808,False,0.0,11.777777777777777,False,False,False
3366,144.0,24,0.1688,False,0.0,16.0,False,False,False
3367,102.0,20,0.9918,False,0.0,11.333333333333332,True,False,False
3368,118.0,33,0.3918,False,0.0,13.11111111111111,False,False,False
3369,108.0,20,0.5032,False,0.0,12.0,False,False,False
3370,109.0,10,0.331,False,0.0,12.11111111111111,False,False,False
3371,138.0,36,0.2981,False,0.0,15.333333333333332,False,False,False
3372,108.0,29,0.254,False,0.0,12.0,False,False,False
3373,106.0,11,0.4769,False,0.0,11.777777777777777,False,False,False
3374,101.0,11,0.7393,False,0.0,11.222222222222221,True,False,False
3375,132.0,11,0.2567,False,0.0,14.666666666666666,False,False,False
3376,100.0,20,0.631,False,0.0,11.11111111111111,False,False,False
3377,116.0,10,0.2469,False,0.0,12.888888888888888,False,False,False
3378,100.0,11,0.5546,False,0.0,11.11111111111111,False,False,False
3379,123.0,24,0.4549,False,0.0,13.666666666666666,False,False,False
3380,109.0,23,0.2463,False,0.0,12.11111111111111,False,False,False
3381,109.0,10,0.3459,False,0.0,12.11111111111111,False,False,False
3382,109.0,20,0.8907,False,0.0,12.11111111111111,True,False,False
3383,128.0,11,0.3091,False,0.0,14.222222222222221,False,False,False
3384,101.0,20,0.9162,False,0.0,11.222222222222221,True,False,False
3385,108.0,-1,0.3092,True,0.0,12.0,False,False,False
3386,105.0,23,0.3134,False,0.0,11.666666666666666,False,False,False
3387,104.0,33,0.4427,False,0.0,11.555555555555555,False,False,False
3388,107.0,-1,0.3504,True,0.0,11.888888888888888,False,False,False
3389,119.0,10,0.3576,False,32.666666666666664,13.222222222222221,False,True,False
3390,127.0,20,0.5722,False,0.0,14.11111111111111,False,False,False
3391,106.0,29,0.6791,False,0.0,11.777777777777777,False,False,False
3392,123.0,10,0.1166,False,0.0,13.666666666666666,False,False,False
3393,120.0,10,0.2251,False,0.0,13.333333333333332,False,False,False
3394,101.0,20,0.7503,False,0.0,11.222222222222221,True,False,False
3395,110.0,28,0.5865,False,0.0,12.222222222222221,False,False,False
3396,136.0,-1,0.4801,True,0.0,15.11111111111111,False,False,False
3397,111.0,9,0.1862,False,0.0,12.333333333333332,False,False,False
3398,119.0,20,0.43,False,0.0,13.222222222222221,False,False,False
3399,113.0,29,0.6038,False,0.0,12.555555555555555,False,False,False
3400,106.0,11,0.3042,False,0.0,11.777777777777777,False,False,False
3401,118.0,30,0.331,False,0.0,13.11111111111111,False,False,False
3402,106.0,25,0.2351,False,0.0,11.777777777777777,False,False,False
3403,145.0,-1,0.4684,True,0.0,16.11111111111111,False,False,False
3404,116.0,24,0.3883,False,0.0,12.888888888888888,False,False,False
3405,107.0,25,0.1955,False,0.0,11.888888888888888,False,False,False
3406,111.0,11,0.4023,False,0.0,12.333333333333332,False,False,False
3407,125.0,-1,0.7717,True,0.0,13.888888888888888,False,False,False
3408,115.0,-1,0.5383,True,0.0,12.777777777777777,False,False,False
3409,101.0,-1,0.3629,True,0.0,11.222222222222221,False,False,False
3410,119.0,14,0.4502,False,20.333333333333332,13.222222222222221,False,True,False
3411,115.0,-1,0.4683,True,0.0,12.777777777777777,False,False,False
3412,124.0,24,0.3589,False,0.0,13.777777777777777,False,False,False
3413,103.0,29,0.9888,False,0.0,11.444444444444445,True,False,False
3414,118.0,-1,0.1334,True,0.0,13.11111111111111,False,False,False
3415,111.0,14,0.4335,False,0.0,12.333333333333332,False,False,False
3416,105.0,20,0.422,False,0.0,11.666666666666666,False,False,False
3417,110.0,20,0.3177,False,0.0,12.222222222222221,False,False,False
3418,116.0,14,0.2107,False,0.0,12.888888888888888,False,False,False
3419,109.0,20,0.7848,False,0.0,12.11111111111111,True,False,False
3420,127.0,14,0.2464,False,0.0,14.11111111111111,False,False,False
3421,120.0,24,0.6781,False,0.0,13.333333333333332,False,False,False
3422,119.0,14,0.627,False,0.0,13.222222222222221,False,False,False
3423,129.0,14,0.3699,False,0.0,14.333333333333332,False,False,False
3424,123.0,33,0.5004,False,30.0,13.666666666666666,False,True,False
3425,164.0,9,0.508,False,0.0,18.22222222222222,False,False,False
3426,173.0,9,0.3616,False,0.0,19.22222222222222,False,False,False
3427,122.0,14,0.7035,False,0.0,13.555555555555555,True,False,False
3428,128.0,24,0.1903,False,0.0,14.222222222222221,False,False,False
3429,144.0,9,0.3172,False,0.0,16.0,False,False,False
3430,126.0,23,0.2008,False,0.0,14.0,False,False,False
3431,113.0,-1,0.2276,True,0.0,12.555555555555555,False,False,False
3432,101.0,-1,0.2906,True,0.0,11.222222222222221,False,False,False
3433,111.0,-1,0.2799,True,0.0,12.333333333333332,False,False,False
3434,128.0,23,0.4152,False,0.0,14.222222222222221,False,False,False
3435,128.0,14,0.6645,False,0.0,14.222222222222221,False,False,False
3436,154.0,14,0.2318,False,0.0,17.11111111111111,False,False,False
3437,111.0,36,0.4238,False,0.0,12.333333333333332,False,False,False
3438,123.0,14,0.8774,False,0.0,13.666666666666666,True,False,False
3439,104.0,20,0.7672,False,0.0,11.555555555555555,True,False,False
3440,100.0,-1,0.8111,True,0.0,11.11111111111111,False,False,False
3441,120.0,23,0.3955,False,30.333333333333332,13.333333333333332,False,True,False
3442,116.0,-1,0.4623,True,0.0,12.888888888888888,False,False,False
3443,118.0,-1,0.6457,True,0.0,13.11111111111111,False,False,False
3444,114.0,20,0.8066,False,26.333333333333332,12.666666666666666,True,True,False
3445,106.0,20,0.708,False,0.0,11.777777777777777,True,False,False
3446,121.0,14,0.3364,False,0.0,13.444444444444443,False,False,False
3447,107.0,-1,0.6917,True,0.0,11.888888888888888,False,False,False
3448,140.0,24,0.2272,False,0.0,15.555555555555555,False,False,False
3449,118.0,14,0.4992,False,0.0,13.11111111111111,False,False,False
3450,119.0,20,0.3502,False,0.0,13.222222222222221,False,False,False
3451,127.0,14,0.5835,False,0.0,14.11111111111111,False,False,False
3452,101.0,29,0.7908,False,0.0,11.222222222222221,True,False,False
3453,119.0,20,0.4426,False,0.0,13.222222222222221,False,False,False
3454,126.0,14,0.4892,False,0.0,14.0,False,False,False
3455,100.0,-1,0.9509,True,0.0,11.11111111111111,False,False,False
3456,103.0,10,0.6188,False,0.0,11.444444444444445,False,False,False
3457,100.0,29,0.4982,False,0.0,11.11111111111111,False,False,False
3458,125.0,20,0.6319,False,0.0,13.888888888888888,False,False,False
3459,120.0,14,0.3357,False,0.0,13.333333333333332,False,False,False
3460,131.0,20,0.3518,False,0.0,14.555555555555555,False,False,False
3461,105.0,-1,0.4562,True,0.0,11.666666666666666,False,False,False
3462,116.0,-1,0.2305,True,0.0,12.888888888888888,False,False,False
3463,123.0,23,0.3317,False,0.0,13.666666666666666,False,False,False
3464,114.0,29,0.4285,False,0.0,12.666666666666666,False,False,False
3465,108.0,-1,0.9138,True,0.0,12.0,False,False,False
3466,109.0,14,0.1696,False,0.0,12.11111111111111,False,False,False
3467,129.0,20,0.4363,False,0.0,14.333333333333332,False,False,False
3468,124.0,25,0.3941,False,0.0,13.777777777777777,False,False,False
3469,110.0,10,0.3211,False,0.0,12.222222222222221,False,False,False
3470,119.0,29,0.9253,False,0.0,13.222222222222221,True,False,False
3471,105.0,29,0.9003,False,0.0,11.666666666666666,True,False,False
3472,103.0,29,0.1132,False,0.0,11.444444444444445,False,False,False
3473,115.0,20,0.6352,False,0.0,12.777777777777777,False,False,False
3474,127.0,20,0.4936,False,0.0,14.11111111111111,False,False,False
3475,114.0,29,0.1656,False,0.0,12.666666666666666,False,False,False
3476,102.0,29,0.6247,False,0.0,11.333333333333332,False,False,False
3477,106.0,20,0.9254,False,0.0,11.777777777777777,True,False,False
3478,113.0,25,0.4941,False,0.0,12.555555555555555,False,False,False
3479,109.0,-1,0.1901,True,0.0,12.11111111111111,False,False,False
3480,100.0,-1,0.2526,True,0.0,11.11111111111111,False,False,False
3481,107.0,10,0.2395,False,0.0,11.888888888888888,False,False,False
3482,109.0,20,0.6941,False,0.0,12.11111111111111,False,False,False
3483,102.0,29,0.3497,False,0.0,11.333333333333332,False,False,False
3484,111.0,20,0.3414,False,0.0,12.333333333333332,False,False,False
3485,108.0,29,0.9834,False,0.0,12.0,True,False,False
3486,107.0,31,0.1841,False,0.0,11.888888888888888,False,False,False
3487,100.0,20,0.8852,False,0.0,11.11111111111111,True,False,False
3488,104.0,29,0.8279,False,0.0,11.555555555555555,True,False,False
3489,100.0,10,0.3467,False,0.0,11.11111111111111,False,False,False
3490,103.0,-1,0.2522,True,0.0,11.444444444444445,False,False,False
3491,100.0,29,0.3338,False,0.0,11.11111111111111,False,False,False
3492,108.0,29,0.749,False,0.0,12.0,True,False,False
3493,103.0,29,0.7776,False,0.0,11.444444444444445,True,False,False
3494,101.0,20,0.4547,False,0.0,11.222222222222221,False,False,False
3495,100.0,29,0.6851,False,0.0,11.11111111111111,False,False,False
3496,101.0,4,0.2258,False,0.0,11.222222222222221,False,False,False
3497,107.0,29,0.4423,False,0.0,11.888888888888888,False,False,False
3498,101.0,30,0.1782,False,0.0,11.222222222222221,False,False,False
3499,120.0,33,0.1932,False,0.0,13.333333333333332,False,False,False
3500,112.0,56,0.2632,False,0.0,12.444444444444443,False,False,False
3501,100.0,24,0.7334,False,0.0,11.11111111111111,True,False,False
3502,155.0,5,0.0872,False,0.0,17.22222222222222,False,False,False
3503,119.0,14,0.2613,False,0.0,13.222222222222221,False,False,False
3504,110.0,33,0.303,False,0.0,12.222222222222221,False,False,False
3505,100.0,29,0.4097,False,0.0,11.11111111111111,False,False,False
3506,114.0,31,0.2806,False,0.0,12.666666666666666,False,False,False
3507,107.0,3,0.0969,False,0.0,11.888888888888888,False,False,False
3508,103.0,29,0.4164,False,0.0,11.444444444444445,False,False,False
3509,105.0,34,0.2239,False,0.0,11.666666666666666,False,False,False
3510,100.0,-1,0.1441,True,0.0,11.11111111111111,False,False,False
3511,103.0,20,0.3523,False,21.333333333333332,11.444444444444445,False,True,False
3512,105.0,31,0.1953,False,18.666666666666668,11.666666666666666,False,True,False
3513,105.0,9,0.1663,False,0.0,11.666666666666666,False,False,False
3514,113.0,31,0.1563,False,0.0,12.555555555555555,False,False,False
3515,101.0,28,0.4003,False,0.0,11.222222222222221,False,False,False
3516,119.0,30,0.3233,False,0.0,13.222222222222221,False,False,False
3517,101.0,-1,0.1886,True,0.0,11.222222222222221,False,False,False
3518,106.0,-1,0.1728,True,22.333333333333332,11.777777777777777,False,True,False
3519,101.0,11,0.2643,False,0.0,11.222222222222221,False,False,False
3520,105.0,34,0.2903,False,0.0,11.666666666666666,False,False,False
3521,101.0,28,0.1669,False,0.0,11.222222222222221,False,False,False
3522,110.0,20,0.1632,False,0.0,12.222222222222221,False,False,False
3523,106.0,20,0.3514,False,0.0,11.777777777777777,False,False,False
3524,106.0,29,0.1586,False,0.0,11.777777777777777,False,False,False
3525,102.0,4,0.2754,False,0.0,11.333333333333332,False,False,False
3526,110.0,20,0.3928,False,0.0,12.222222222222221,False,False,False
3527,104.0,-1,0.9633,True,0.0,11.555555555555555,False,False,False
3528,110.0,29,0.158,False,0.0,12.222222222222221,False,False,False
3529,105.0,-1,0.9153,True,0.0,11.666666666666666,False,False,False
3530,100.0,29,0.6238,False,0.0,11.11111111111111,False,False,False
3531,109.0,20,0.2316,False,0.0,12.11111111111111,False,False,False
3532,101.0,10,0.157,False,0.0,11.222222222222221,False,False,False
3533,107.0,25,0.1915,False,0.0,11.888888888888888,False,False,False
3534,109.0,-1,0.9668,True,0.0,12.11111111111111,False,False,False
3535,111.0,34,0.312,False,0.0,12.333333333333332,False,False,False
3536,100.0,30,0.3129,False,0.0,11.11111111111111,False,False,False
3537,101.0,6,0.2446,False,0.0,11.222222222222221,False,False,False
3538,105.0,10,0.4635,False,0.0,11.666666666666666,False,False,False
3539,103.0,-1,0.9641,True,0.0,11.444444444444445,False,False,False
3540,122.0,10,0.1737,False,0.0,13.555555555555555,False,False,False
3541,113.0,34,0.2148,False,0.0,12.555555555555555,False,False,False
3542,115.0,30,0.2354,False,0.0,12.777777777777777,False,False,False
3543,100.0,20,0.5767,False,0.0,11.11111111111111,False,False,False
3544,106.0,55,0.3484,False,0.0,11.777777777777777,False,False,False
3545,107.0,-1,0.9546,True,0.0,11.888888888888888,False,False,False
3546,103.0,6,0.212,False,0.0,11.444444444444445,False,False,False
3547,105.0,29,0.2893,False,0.0,11.666666666666666,False,False,False
3548,116.0,-1,0.1726,True,0.0,12.888888888888888,False,False,False
3549,105.0,24,0.3189,False,0.0,11.666666666666666,False,False,False
3550,102.0,-1,0.2455,True,0.0,11.333333333333332,False,False,False
3551,103.0,22,0.279,False,0.0,11.444444444444445,False,False,False
3552,101.0,29,0.237,False,0.0,11.222222222222221,False,False,False
3553,111.0,6,0.0754,False,0.0,12.333333333333332,False,False,False
3554,101.0,24,0.1572,False,0.0,11.222222222222221,False,False,False
3555,102.0,-1,0.9304,True,0.0,11.333333333333332,False,False,False
3556,102.0,31,0.1902,False,0.0,11.333333333333332,False,False,False
3557,108.0,29,0.3288,False,0.0,12.0,False,False,False
3558,116.0,20,0.2824,False,0.0,12.888888888888888,False,False,False
3559,105.0,-1,0.252,True,0.0,11.666666666666666,False,False,False
3560,104.0,20,0.2001,False,0.0,11.555555555555555,False,False,False
3561,108.0,-1,0.3254,True,0.0,12.0,False,False,False
3562,104.0,-1,0.9283,True,35.333333333333336,11.555555555555555,False,True,False
3563,102.0,29,0.4657,False,0.0,11.333333333333332,False,False,False
3564,106.0,6,0.3615,False,0.0,11.777777777777777,False,False,False
3565,101.0,29,0.4477,False,0.0,11.222222222222221,False,False,False
3566,117.0,8,0.2427,False,0.0,13.0,False,False,False
3567,149.0,10,0.2702,False,0.0,16.555555555555554,False,False,False
3568,108.0,-1,0.2254,True,0.0,12.0,False,False,False
3569,103.0,24,0.46,False,0.0,11.444444444444445,False,False,False
